,Year,country,ladder_score,gdp_per_capita,Generosity,Social support,corruption
0,2023,Finland,7.804,10.792,-0.019,0.969,0.182
1,2023,Denmark,7.586,10.962,0.134,0.954,0.196
2,2023,Iceland,7.53,10.896,0.211,0.983,0.668
3,2023,Israel,7.473,10.639,-0.023,0.943,0.708
4,2023,Netherlands,7.403,10.942,0.213,0.93,0.379
5,2023,Sweden,7.395,10.883,0.165,0.939,0.202
6,2023,Norway,7.315,11.088,0.141,0.943,0.283
7,2023,Switzerland,7.24,11.164,0.027,0.92,0.266
8,2023,Luxembourg,7.228,11.66,0.024,0.879,0.345
9,2023,New Zealand,7.123,10.662,0.175,0.952,0.271
10,2023,Austria,7.097,10.899,0.102,0.888,0.497
11,2023,Australia,7.095,10.821,0.198,0.934,0.496
12,2023,Canada,6.961,10.773,0.153,0.929,0.42
13,2023,Ireland,6.911,11.527,0.092,0.905,0.358
14,2023,United States,6.894,11.048,0.137,0.919,0.689
15,2023,Germany,6.892,10.879,0.03,0.896,0.42
16,2023,Belgium,6.859,10.844,0.001,0.915,0.549
17,2023,Czechia,6.845,10.611,0.04,0.953,0.859
18,2023,United Kingdom,6.796,10.704,0.253,0.882,0.454
19,2023,Lithuania,6.763,10.568,-0.145,0.939,0.805
20,2023,France,6.661,10.701,-0.1,0.909,0.553
21,2023,Slovenia,6.65,10.588,0.014,0.951,0.771
22,2023,Costa Rica,6.609,9.952,-0.07,0.872,0.768
23,2023,Romania,6.589,10.339,-0.172,0.848,0.929
24,2023,Singapore,6.587,11.571,0.063,0.878,0.146
25,2023,United Arab Emirates,6.571,11.145,0.096,0.826,0.584
26,2023,Taiwan Province of China,6.535,10.797,-0.129,0.884,0.681
27,2023,Uruguay,6.494,10.037,-0.065,0.913,0.575
28,2023,Slovakia,6.469,10.353,-0.016,0.953,0.898
29,2023,Saudi Arabia,6.463,10.715,-0.081,0.884,0.691
30,2023,Estonia,6.455,10.541,0.032,0.946,0.409
31,2023,Spain,6.436,10.54,-0.066,0.932,0.711
32,2023,Italy,6.405,10.634,-0.074,0.882,0.842
33,2023,Kosovo,6.368,9.359,0.259,0.844,0.866
34,2023,Chile,6.334,10.114,-0.011,0.889,0.823
35,2023,Mexico,6.33,9.85,-0.094,0.804,0.768
36,2023,Malta,6.3,10.661,0.119,0.923,0.729
37,2023,Panama,6.265,10.305,-0.133,0.896,0.878
38,2023,Poland,6.26,10.453,-0.031,0.925,0.736
39,2023,Nicaragua,6.259,8.618,0.021,0.853,0.625
40,2023,Latvia,6.213,10.37,-0.056,0.937,0.83
41,2023,Bahrain,6.173,10.776,0.117,0.844,0.737
42,2023,Guatemala,6.15,9.116,-0.057,0.812,0.837
43,2023,Kazakhstan,6.144,10.166,0.0,0.931,0.721
44,2023,Serbia,6.144,9.854,0.204,0.873,0.816
45,2023,Cyprus,6.13,10.611,-0.06,0.826,0.86
46,2023,Japan,6.129,10.616,-0.237,0.894,0.64
47,2023,Croatia,6.125,10.341,-0.093,0.917,0.925
48,2023,Brazil,6.125,9.582,-0.009,0.836,0.738
49,2023,El Salvador,6.122,9.089,-0.108,0.755,0.62
50,2023,Hungary,6.041,10.419,-0.059,0.943,0.839
51,2023,Argentina,6.024,9.959,-0.089,0.891,0.814
52,2023,Honduras,6.023,8.635,0.097,0.766,0.843
53,2023,Uzbekistan,6.014,8.948,0.23,0.875,0.638
54,2023,Malaysia,6.012,10.169,0.16,0.799,0.758
55,2023,Portugal,5.968,10.429,-0.196,0.878,0.878
56,2023,South Korea,5.951,10.693,-0.046,0.812,0.701
57,2023,Greece,5.931,10.288,-0.24,0.835,0.793
58,2023,Mauritius,5.902,9.957,-0.028,0.888,0.775
59,2023,Thailand,5.843,9.751,0.289,0.874,0.91
60,2023,Mongolia,5.84,9.372,0.19,0.933,0.849
61,2023,Kyrgyzstan,5.825,8.486,0.181,0.911,0.904
62,2023,Moldova,5.819,9.499,-0.08,0.857,0.901
63,2023,China,5.818,9.738,-0.041,0.836,0.727
64,2023,Vietnam,5.763,9.287,-0.004,0.821,0.759
65,2023,Paraguay,5.738,9.51,0.021,0.906,0.843
66,2023,Montenegro,5.722,9.813,0.063,0.89,0.844
67,2023,Jamaica,5.703,9.165,-0.106,0.867,0.875
68,2023,Bolivia,5.684,8.985,-0.063,0.811,0.846
69,2023,Russia,5.661,10.21,-0.03,0.889,0.801
70,2023,Bosnia and Herzegovina,5.633,9.616,0.206,0.88,0.918
71,2023,Colombia,5.63,9.584,-0.104,0.822,0.834
72,2023,Dominican Republic,5.569,9.811,-0.099,0.827,0.657
73,2023,Ecuador,5.559,9.27,-0.108,0.806,0.833
74,2023,Peru,5.526,9.402,-0.119,0.798,0.892
75,2023,Philippines,5.523,8.979,-0.06,0.78,0.732
76,2023,Bulgaria,5.466,10.087,-0.057,0.918,0.911
77,2023,Nepal,5.36,8.256,0.146,0.748,0.783
78,2023,Armenia,5.342,9.615,-0.155,0.79,0.705
79,2023,Tajikistan,5.33,8.237,-0.06,0.836,0.522
80,2023,Algeria,5.329,9.3,-0.117,0.855,0.717
81,2023,Hong Kong S.A.R. of China,5.308,10.966,-0.026,0.817,0.385
82,2023,Albania,5.277,9.567,-0.007,0.718,0.878
83,2023,Indonesia,5.277,9.385,0.531,0.804,0.876
84,2023,South Africa,5.275,9.478,-0.087,0.907,0.902
85,2023,Congo (Brazzaville),5.267,8.095,-0.004,0.605,0.739
86,2023,North Macedonia,5.254,9.703,0.131,0.805,0.902
87,2023,Venezuela,5.211,5.527,0.128,0.839,0.811
88,2023,Laos,5.111,8.962,0.091,0.679,0.703
89,2023,Georgia,5.109,9.646,-0.254,0.716,0.649
90,2023,Guinea,5.072,7.88,0.125,0.649,0.787
91,2023,Ukraine,5.071,9.314,0.24,0.878,0.907
92,2023,Ivory Coast,5.053,8.576,0.003,0.572,0.746
93,2023,Gabon,5.035,9.537,-0.187,0.746,0.786
94,2023,Nigeria,4.981,8.496,0.073,0.74,0.911
95,2023,Cameroon,4.973,8.217,0.015,0.686,0.846
96,2023,Mozambique,4.954,7.116,0.047,0.692,0.66
97,2023,Iraq,4.941,9.098,-0.005,0.718,0.876
98,2023,State of Palestine,4.908,8.716,-0.132,0.859,0.836
99,2023,Morocco,4.903,8.973,-0.231,0.553,0.811
100,2023,Iran,4.876,9.61,0.173,0.778,0.747
101,2023,Senegal,4.855,8.155,0.011,0.629,0.846
102,2023,Mauritania,4.724,8.591,-0.013,0.644,0.657
103,2023,Burkina Faso,4.638,7.667,0.095,0.663,0.771
104,2023,Namibia,4.631,9.121,-0.126,0.787,0.83
105,2023,Turkiye,4.614,10.307,-0.077,0.796,0.795
106,2023,Ghana,4.605,8.596,0.139,0.641,0.881
107,2023,Pakistan,4.555,8.54,0.008,0.601,0.787
108,2023,Niger,4.501,7.091,0.032,0.59,0.734
109,2023,Tunisia,4.497,9.244,-0.213,0.73,0.907
110,2023,Kenya,4.487,8.458,0.288,0.69,0.852
111,2023,Sri Lanka,4.442,9.491,-0.03,0.826,0.808
112,2023,Uganda,4.432,7.716,0.114,0.794,0.857
113,2023,Chad,4.397,7.261,0.221,0.722,0.807
114,2023,Cambodia,4.393,8.385,0.073,0.747,0.857
115,2023,Benin,4.374,8.103,-0.043,0.437,0.576
116,2023,Myanmar,4.372,8.404,0.491,0.787,0.658
117,2023,Bangladesh,4.282,8.685,0.005,0.544,0.698
118,2023,Gambia,4.279,7.648,0.364,0.584,0.883
119,2023,Mali,4.198,7.655,-0.028,0.593,0.846
120,2023,Egypt,4.17,9.367,-0.183,0.726,0.58
121,2023,Togo,4.137,7.673,0.024,0.595,0.74
122,2023,Jordan,4.12,9.13,-0.15,0.729,0.687
123,2023,Ethiopia,4.091,7.739,0.273,0.782,0.789
124,2023,Liberia,4.042,7.277,0.154,0.596,0.83
125,2023,India,4.036,8.759,0.072,0.608,0.774
126,2023,Madagascar,4.019,7.29,0.075,0.65,0.742
127,2023,Zambia,3.982,8.074,0.098,0.694,0.818
128,2023,Tanzania,3.694,7.857,0.182,0.653,0.554
129,2023,Comoros,3.545,8.075,-0.014,0.471,0.727
130,2023,Malawi,3.495,7.302,0.005,0.531,0.749
131,2023,Botswana,3.435,9.629,-0.215,0.753,0.83
132,2023,Congo (Kinshasa),3.207,7.007,0.086,0.652,0.834
133,2023,Zimbabwe,3.204,7.641,-0.046,0.69,0.766
134,2023,Sierra Leone,3.138,7.394,0.105,0.555,0.858
135,2023,Lebanon,2.392,9.478,-0.141,0.53,0.891
136,2023,Afghanistan,1.859,7.324,-0.081,0.341,0.847
0,2022,Finland,7.821,,,,
1,2022,Denmark,7.636,,,,
2,2022,Iceland,7.557,,,,
3,2022,Switzerland,7.512,,,,
4,2022,Netherlands,7.415,,,,
5,2022,Luxembourg*,7.404,,,,
6,2022,Sweden,7.384,,,,
7,2022,Norway,7.365,,,,
8,2022,Israel,7.364,,,,
9,2022,New Zealand,7.2,,,,
10,2022,Austria,7.163,,,,
11,2022,Australia,7.162,,,,
12,2022,Ireland,7.041,,,,
13,2022,Germany,7.034,,,,
14,2022,Canada,7.025,,,,
15,2022,United States,6.977,,,,
16,2022,United Kingdom,6.943,,,,
17,2022,Czechia,6.92,,,,
18,2022,Belgium,6.805,,,,
19,2022,France,6.687,,,,
20,2022,Bahrain,6.647,,,,
21,2022,Slovenia,6.63,,,,
22,2022,Costa Rica,6.582,,,,
23,2022,United Arab Emirates,6.576,,,,
24,2022,Saudi Arabia,6.523,,,,
25,2022,Taiwan Province of China,6.512,,,,
26,2022,Singapore,6.48,,,,
27,2022,Romania,6.477,,,,
28,2022,Spain,6.476,,,,
29,2022,Uruguay,6.474,,,,
30,2022,Italy,6.467,,,,
31,2022,Kosovo,6.455,,,,
32,2022,Malta,6.447,,,,
33,2022,Lithuania,6.446,,,,
34,2022,Slovakia,6.391,,,,
35,2022,Estonia,6.341,,,,
36,2022,Panama,6.309,,,,
37,2022,Brazil,6.293,,,,
38,2022,Guatemala*,6.262,,,,
39,2022,Kazakhstan,6.234,,,,
40,2022,Cyprus,6.221,,,,
41,2022,Latvia,6.18,,,,
42,2022,Serbia,6.178,,,,
43,2022,Chile,6.172,,,,
44,2022,Nicaragua,6.165,,,,
45,2022,Mexico,6.128,,,,
46,2022,Croatia,6.125,,,,
47,2022,Poland,6.123,,,,
48,2022,El Salvador,6.12,,,,
49,2022,Kuwait*,6.106,,,,
50,2022,Hungary,6.086,,,,
51,2022,Mauritius,6.071,,,,
52,2022,Uzbekistan,6.063,,,,
53,2022,Japan,6.039,,,,
54,2022,Honduras,6.022,,,,
55,2022,Portugal,6.016,,,,
56,2022,Argentina,5.967,,,,
57,2022,Greece,5.948,,,,
58,2022,South Korea,5.935,,,,
59,2022,Philippines,5.904,,,,
60,2022,Thailand,5.891,,,,
61,2022,Moldova,5.857,,,,
62,2022,Jamaica,5.85,,,,
63,2022,Kyrgyzstan,5.828,,,,
64,2022,Belarus*,5.821,,,,
65,2022,Colombia,5.781,,,,
66,2022,Bosnia and Herzegovina,5.768,,,,
67,2022,Mongolia,5.761,,,,
68,2022,Dominican Republic,5.737,,,,
69,2022,Malaysia,5.711,,,,
70,2022,Bolivia,5.6,,,,
71,2022,China,5.585,,,,
72,2022,Paraguay,5.578,,,,
73,2022,Peru,5.559,,,,
74,2022,Montenegro,5.547,,,,
75,2022,Ecuador,5.533,,,,
76,2022,Vietnam,5.485,,,,
77,2022,Turkmenistan*,5.474,,,,
78,2022,North Cyprus*,5.467,,,,
79,2022,Russia,5.459,,,,
80,2022,Hong Kong S.A.R. of China,5.425,,,,
81,2022,Armenia,5.399,,,,
82,2022,Tajikistan,5.377,,,,
83,2022,Nepal,5.377,,,,
84,2022,Bulgaria,5.371,,,,
85,2022,Libya*,5.33,,,,
86,2022,Indonesia,5.24,,,,
87,2022,Ivory Coast,5.235,,,,
88,2022,North Macedonia,5.199,,,,
89,2022,Albania,5.199,,,,
90,2022,South Africa,5.194,,,,
91,2022,Azerbaijan*,5.173,,,,
92,2022,Gambia*,5.164,,,,
93,2022,Bangladesh,5.155,,,,
94,2022,Laos,5.14,,,,
95,2022,Algeria,5.122,,,,
96,2022,Liberia*,5.122,,,,
97,2022,Ukraine,5.084,,,,
98,2022,Congo,5.075,,,,
99,2022,Morocco,5.06,,,,
100,2022,Mozambique,5.048,,,,
101,2022,Cameroon,5.048,,,,
102,2022,Senegal,5.046,,,,
103,2022,Niger*,5.003,,,,
104,2022,Georgia,4.973,,,,
105,2022,Gabon,4.958,,,,
106,2022,Iraq,4.941,,,,
107,2022,Venezuela,4.925,,,,
108,2022,Guinea,4.891,,,,
109,2022,Iran,4.888,,,,
110,2022,Ghana,4.872,,,,
111,2022,Turkey,4.744,,,,
112,2022,Burkina Faso,4.67,,,,
113,2022,Cambodia,4.64,,,,
114,2022,Benin,4.623,,,,
115,2022,Comoros*,4.609,,,,
116,2022,Uganda,4.603,,,,
117,2022,Nigeria,4.552,,,,
118,2022,Kenya,4.543,,,,
119,2022,Tunisia,4.516,,,,
120,2022,Pakistan,4.516,,,,
121,2022,Palestinian Territories*,4.483,,,,
122,2022,Mali,4.479,,,,
123,2022,Namibia,4.459,,,,
124,2022,"Eswatini, Kingdom of*",4.396,,,,
125,2022,Myanmar,4.394,,,,
126,2022,Sri Lanka,4.362,,,,
127,2022,Madagascar*,4.339,,,,
128,2022,Egypt,4.288,,,,
129,2022,Chad*,4.251,,,,
130,2022,Ethiopia,4.241,,,,
131,2022,Yemen*,4.197,,,,
132,2022,Mauritania*,4.153,,,,
133,2022,Jordan,4.152,,,,
134,2022,Togo,4.112,,,,
135,2022,India,3.777,,,,
136,2022,Zambia,3.76,,,,
137,2022,Malawi,3.75,,,,
138,2022,Tanzania,3.702,,,,
139,2022,Sierra Leone,3.574,,,,
140,2022,Lesotho*,3.512,,,,
141,2022,Botswana*,3.471,,,,
142,2022,Rwanda*,3.268,,,,
143,2022,Zimbabwe,2.995,,,,
144,2022,Lebanon,2.955,,,,
145,2022,Afghanistan,2.404,,,,
0,2021,Finland,7.842,10.775,-0.098,0.954,0.186
1,2021,Denmark,7.62,10.933,0.03,0.954,0.179
2,2021,Switzerland,7.571,11.117,0.025,0.942,0.292
3,2021,Iceland,7.554,10.878,0.16,0.983,0.673
4,2021,Netherlands,7.464,10.932,0.175,0.942,0.338
5,2021,Norway,7.392,11.053,0.093,0.954,0.27
6,2021,Sweden,7.363,10.867,0.086,0.934,0.237
7,2021,Luxembourg,7.324,11.647,-0.034,0.908,0.386
8,2021,New Zealand,7.277,10.643,0.134,0.948,0.242
9,2021,Austria,7.268,10.906,0.042,0.934,0.481
10,2021,Australia,7.183,10.796,0.159,0.94,0.442
11,2021,Israel,7.157,10.575,0.031,0.939,0.753
12,2021,Germany,7.155,10.873,0.011,0.903,0.46
13,2021,Canada,7.103,10.776,0.089,0.926,0.415
14,2021,Ireland,7.085,11.342,0.077,0.947,0.363
15,2021,Costa Rica,7.069,9.88,-0.126,0.891,0.809
16,2021,United Kingdom,7.064,10.707,0.233,0.934,0.459
17,2021,Czech Republic,6.965,10.556,-0.208,0.947,0.868
18,2021,United States,6.951,11.023,0.098,0.92,0.698
19,2021,Belgium,6.834,10.823,-0.153,0.906,0.646
20,2021,France,6.69,10.704,-0.147,0.942,0.571
21,2021,Bahrain,6.647,10.669,0.089,0.862,0.722
22,2021,Malta,6.602,10.674,0.133,0.931,0.653
23,2021,Taiwan Province of China,6.584,10.871,-0.07,0.898,0.721
24,2021,United Arab Emirates,6.561,11.085,0.074,0.844,0.589
25,2021,Saudi Arabia,6.494,10.743,-0.149,0.891,0.684
26,2021,Spain,6.491,10.571,-0.081,0.932,0.745
27,2021,Italy,6.483,10.623,-0.084,0.88,0.866
28,2021,Slovenia,6.461,10.529,-0.101,0.948,0.806
29,2021,Guatemala,6.435,9.053,-0.038,0.813,0.775
30,2021,Uruguay,6.431,9.966,-0.092,0.925,0.59
31,2021,Singapore,6.377,11.488,-0.018,0.915,0.082
32,2021,Kosovo,6.372,9.318,0.257,0.821,0.917
33,2021,Slovakia,6.331,10.369,-0.124,0.936,0.911
34,2021,Brazil,6.33,9.577,-0.071,0.882,0.756
35,2021,Mexico,6.317,9.859,-0.147,0.831,0.799
36,2021,Jamaica,6.309,9.186,-0.137,0.877,0.884
37,2021,Lithuania,6.255,10.499,-0.203,0.935,0.826
38,2021,Cyprus,6.223,10.576,-0.015,0.802,0.844
39,2021,Estonia,6.189,10.481,-0.106,0.941,0.527
40,2021,Panama,6.18,10.35,-0.166,0.896,0.856
41,2021,Uzbekistan,6.179,8.836,0.311,0.918,0.515
42,2021,Chile,6.172,10.071,-0.044,0.882,0.83
43,2021,Poland,6.166,10.382,-0.165,0.898,0.735
44,2021,Kazakhstan,6.152,10.155,-0.069,0.952,0.733
45,2021,Romania,6.14,10.284,-0.219,0.832,0.938
46,2021,Kuwait,6.106,10.817,-0.104,0.843,0.736
47,2021,Serbia,6.078,9.787,0.002,0.873,0.835
48,2021,El Salvador,6.061,9.054,-0.11,0.762,0.688
49,2021,Mauritius,6.049,10.008,-0.054,0.905,0.789
50,2021,Latvia,6.032,10.315,-0.162,0.927,0.8
51,2021,Colombia,6.012,9.557,-0.135,0.847,0.841
52,2021,Hungary,5.992,10.358,-0.186,0.943,0.876
53,2021,Thailand,5.985,9.805,0.287,0.888,0.895
54,2021,Nicaragua,5.972,8.62,0.02,0.864,0.664
55,2021,Japan,5.94,10.611,-0.258,0.884,0.638
56,2021,Argentina,5.929,9.962,-0.182,0.898,0.834
57,2021,Portugal,5.929,10.421,-0.244,0.879,0.887
58,2021,Honduras,5.919,8.648,0.081,0.812,0.809
59,2021,Croatia,5.882,10.217,-0.118,0.924,0.939
60,2021,Philippines,5.88,9.076,-0.097,0.83,0.742
61,2021,South Korea,5.845,10.651,-0.083,0.799,0.727
62,2021,Peru,5.84,9.458,-0.154,0.832,0.891
63,2021,Bosnia and Herzegovina,5.813,9.59,0.113,0.87,0.931
64,2021,Moldova,5.766,9.454,-0.079,0.857,0.918
65,2021,Ecuador,5.764,9.313,-0.124,0.821,0.843
66,2021,Kyrgyzstan,5.744,8.538,0.119,0.893,0.908
67,2021,Greece,5.723,10.279,-0.288,0.823,0.823
68,2021,Bolivia,5.716,9.046,-0.077,0.81,0.839
69,2021,Mongolia,5.677,9.4,0.116,0.935,0.856
70,2021,Paraguay,5.653,9.448,0.028,0.893,0.882
71,2021,Montenegro,5.581,9.94,-0.034,0.858,0.812
72,2021,Dominican Republic,5.545,9.802,-0.133,0.853,0.714
73,2021,North Cyprus,5.536,10.576,0.012,0.82,0.626
74,2021,Belarus,5.534,9.853,-0.18,0.91,0.627
75,2021,Russia,5.477,10.189,-0.111,0.903,0.845
76,2021,Hong Kong S.A.R. of China,5.477,11.0,0.067,0.836,0.403
77,2021,Tajikistan,5.466,8.091,-0.056,0.86,0.553
78,2021,Vietnam,5.411,8.973,-0.098,0.85,0.796
79,2021,Libya,5.41,9.622,-0.087,0.827,0.667
80,2021,Malaysia,5.384,10.238,0.125,0.817,0.839
81,2021,Indonesia,5.345,9.365,0.542,0.811,0.867
82,2021,Congo (Brazzaville),5.342,8.117,-0.068,0.636,0.745
83,2021,China,5.339,9.673,-0.146,0.811,0.755
84,2021,Ivory Coast,5.306,8.551,-0.016,0.644,0.794
85,2021,Armenia,5.283,9.487,-0.168,0.799,0.629
86,2021,Nepal,5.269,8.12,0.152,0.774,0.727
87,2021,Bulgaria,5.266,10.016,-0.096,0.931,0.932
88,2021,Maldives,5.198,9.826,0.024,0.913,0.825
89,2021,Azerbaijan,5.171,9.569,-0.223,0.836,0.506
90,2021,Cameroon,5.142,8.189,0.026,0.71,0.848
91,2021,Senegal,5.132,8.118,-0.046,0.71,0.801
92,2021,Albania,5.117,9.52,-0.03,0.697,0.901
93,2021,North Macedonia,5.101,9.693,0.038,0.805,0.905
94,2021,Ghana,5.088,8.58,0.123,0.727,0.848
95,2021,Niger,5.074,7.098,0.018,0.641,0.693
96,2021,Turkmenistan,5.066,9.629,0.273,0.983,0.888
97,2021,Gambia,5.051,7.686,0.424,0.69,0.746
98,2021,Benin,5.045,8.087,-0.034,0.489,0.661
99,2021,Laos,5.03,8.947,0.123,0.728,0.658
100,2021,Bangladesh,5.025,8.454,-0.041,0.693,0.682
101,2021,Guinea,4.984,7.838,0.095,0.639,0.766
102,2021,South Africa,4.956,9.403,-0.067,0.86,0.86
103,2021,Turkey,4.948,10.24,-0.139,0.822,0.776
104,2021,Pakistan,4.934,8.458,0.098,0.651,0.787
105,2021,Morocco,4.918,8.903,-0.236,0.56,0.801
106,2021,Venezuela,4.892,9.073,-0.169,0.861,0.827
107,2021,Georgia,4.891,9.585,-0.238,0.671,0.655
108,2021,Algeria,4.887,9.342,-0.067,0.802,0.752
109,2021,Ukraine,4.875,9.436,-0.011,0.888,0.924
110,2021,Iraq,4.854,9.24,-0.053,0.746,0.875
111,2021,Gabon,4.852,9.603,-0.2,0.776,0.84
112,2021,Burkina Faso,4.834,7.678,-0.009,0.672,0.748
113,2021,Cambodia,4.83,8.36,0.034,0.765,0.843
114,2021,Mozambique,4.794,7.158,0.061,0.744,0.684
115,2021,Nigeria,4.759,8.533,0.037,0.74,0.878
116,2021,Mali,4.723,7.744,-0.036,0.724,0.827
117,2021,Iran,4.721,9.584,0.218,0.71,0.714
118,2021,Uganda,4.636,7.677,0.122,0.781,0.855
119,2021,Liberia,4.625,7.288,0.05,0.72,0.85
120,2021,Kenya,4.607,8.361,0.287,0.688,0.825
121,2021,Tunisia,4.596,9.266,-0.201,0.691,0.87
122,2021,Lebanon,4.584,9.626,-0.073,0.848,0.898
123,2021,Namibia,4.574,9.161,-0.149,0.818,0.847
124,2021,Palestinian Territories,4.517,8.485,-0.163,0.826,0.821
125,2021,Myanmar,4.426,8.541,0.509,0.779,0.66
126,2021,Jordan,4.395,9.182,-0.167,0.767,0.705
127,2021,Chad,4.355,7.364,0.041,0.619,0.807
128,2021,Sri Lanka,4.325,9.47,0.079,0.827,0.863
129,2021,Swaziland,4.308,9.065,-0.185,0.77,0.708
130,2021,Comoros,4.289,8.031,0.082,0.626,0.781
131,2021,Egypt,4.283,9.367,-0.182,0.75,0.795
132,2021,Ethiopia,4.275,7.694,0.082,0.764,0.761
133,2021,Mauritania,4.227,8.542,-0.106,0.795,0.731
134,2021,Madagascar,4.208,7.396,-0.005,0.686,0.803
135,2021,Togo,4.107,7.362,0.032,0.569,0.772
136,2021,Zambia,4.073,8.145,0.061,0.708,0.823
137,2021,Sierra Leone,3.849,7.434,0.084,0.63,0.866
138,2021,India,3.819,8.755,0.089,0.603,0.774
139,2021,Burundi,3.775,6.635,-0.024,0.49,0.607
140,2021,Yemen,3.658,7.578,-0.147,0.832,0.8
141,2021,Tanzania,3.623,7.876,0.183,0.702,0.577
142,2021,Haiti,3.615,7.477,0.422,0.54,0.721
143,2021,Malawi,3.6,6.958,0.038,0.537,0.729
144,2021,Lesotho,3.512,7.926,-0.131,0.787,0.915
145,2021,Botswana,3.467,9.782,-0.246,0.784,0.801
146,2021,Rwanda,3.415,7.676,0.061,0.552,0.167
147,2021,Zimbabwe,3.145,7.943,-0.047,0.75,0.821
148,2021,Afghanistan,2.523,7.695,-0.102,0.463,0.924
0,2020,Finland,7.808700085,10.63926697,-0.059482019,0.954329729,0.195444584
1,2020,Denmark,7.645599842,10.77400112,0.066201776,0.955990791,0.168489456
2,2020,Switzerland,7.559899807,10.97993279,0.105911039,0.942846596,0.303728431
3,2020,Iceland,7.504499912,10.77255917,0.246944219,0.974669576,0.711709738
4,2020,Norway,7.487999916,11.08780384,0.13453263,0.952486575,0.263218194
5,2020,Netherlands,7.448900223,10.81271172,0.20761244,0.93913883,0.364717126
6,2020,Sweden,7.353499889,10.75879383,0.111614622,0.926311195,0.250880182
7,2020,New Zealand,7.299600124,10.50094318,0.191598073,0.949118972,0.22113885
8,2020,Austria,7.294199944,10.7428236,0.085429221,0.928045869,0.499954879
9,2020,Luxembourg,7.237500191,11.45068073,-0.004620588,0.906912208,0.367084295
10,2020,Canada,7.23210001,10.69236851,0.124770768,0.927176654,0.390843362
11,2020,Australia,7.222799778,10.72059631,0.19046016,0.944854617,0.41516912
12,2020,United Kingdom,7.164500237,10.60013485,0.263732493,0.93668282,0.435915917
13,2020,Israel,7.128600121,10.41752529,0.10259372,0.913571239,0.78085506
14,2020,Costa Rica,7.121399879,9.658156395,-0.10242971,0.901545942,0.786332428
15,2020,Ireland,7.093699932,11.16097832,0.145784974,0.942081571,0.357184172
16,2020,Germany,7.075799942,10.7328186,0.080179386,0.898874462,0.456422031
17,2020,United States,6.939599991,10.92576885,0.149891734,0.914219022,0.699715316
18,2020,Czech Republic,6.910900116,10.40416336,-0.230861515,0.914430678,0.85844624
19,2020,Belgium,6.863500118,10.6736393,-0.078691199,0.911632538,0.612297952
20,2020,United Arab Emirates,6.790800095,11.1099987,0.123450845,0.849181116,0.594502211
21,2020,Malta,6.772799969,10.53383827,0.214965805,0.93037951,0.658547282
22,2020,France,6.663799763,10.58422279,-0.130641967,0.937103748,0.583521128
23,2020,Mexico,6.465000153,9.797797203,-0.175266623,0.838665426,0.806821585
24,2020,Taiwan Province of China,6.45539999,10.77568531,-0.073198698,0.894309103,0.73188293
25,2020,Uruguay,6.440100193,9.948192596,-0.101103112,0.92281127,0.635994136
26,2020,Saudi Arabia,6.406499863,10.79781246,-0.168695062,0.874067068,0.682619512
27,2020,Spain,6.400899887,10.46292686,-0.050961714,0.921125412,0.765859902
28,2020,Guatemala,6.398900032,8.924805641,-0.042938665,0.816621482,0.783237457
29,2020,Italy,6.38740015,10.48183632,-0.043460999,0.889878571,0.873404682
30,2020,Singapore,6.377099991,11.39552116,0.029879224,0.910268962,0.109784193
31,2020,Brazil,6.375599861,9.56643486,-0.101812392,0.896723807,0.770601273
32,2020,Slovenia,6.363399982,10.39232254,-0.080603383,0.939575672,0.817071021
33,2020,El Salvador,6.34829998,8.909075737,-0.121072978,0.806092262,0.754319906
34,2020,Kosovo,6.325200081,9.204429626,0.190933764,0.820726514,0.922328293
35,2020,Panama,6.304800034,10.03423405,-0.153927714,0.902094483,0.851588905
36,2020,Slovakia,6.280600071,10.34774971,-0.124409303,0.922493756,0.918096125
37,2020,Uzbekistan,6.257599831,8.740371704,0.248427153,0.926595807,0.501497388
38,2020,Chile,6.228499889,10.0320549,-0.065668367,0.879713595,0.838239431
39,2020,Bahrain,6.227300167,10.67638016,0.13372919,0.876342118,0.7393471
40,2020,Lithuania,6.215499878,10.34362602,-0.219725296,0.926107109,0.809583843
41,2020,Trinidad and Tobago,6.191899776,10.26000214,0.000526841,0.91529417,0.912230611
42,2020,Poland,6.186299801,10.26512432,-0.205084071,0.874257445,0.686927021
43,2020,Colombia,6.163400173,9.500369072,-0.161235645,0.884440243,0.86457181
44,2020,Cyprus,6.15899992,10.40570259,0.043731496,0.805996239,0.856271744
45,2020,Nicaragua,6.13710022,8.493160248,0.020959141,0.857497036,0.665950119
46,2020,Romania,6.123700142,10.107584,-0.19781521,0.825161517,0.934300244
47,2020,Kuwait,6.102099895,11.08982468,-0.100184701,0.846475244,0.760849059
48,2020,Mauritius,6.101299763,9.956786156,-0.018318573,0.910357833,0.805343091
49,2020,Kazakhstan,6.057899952,10.11465836,-0.068488635,0.934744895,0.764490843
50,2020,Estonia,6.021800041,10.34001732,-0.111697771,0.934729993,0.623073816
51,2020,Philippines,6.006000042,8.993545532,-0.105463006,0.846730053,0.733634114
52,2020,Hungary,6.000400066,10.24924374,-0.194323018,0.921934128,0.892916501
53,2020,Thailand,5.998799801,9.741791725,0.268685192,0.889973223,0.886272311
54,2020,Argentina,5.974699974,9.810955048,-0.194913864,0.900567949,0.842009842
55,2020,Honduras,5.953199863,8.424534798,0.086969115,0.821870148,0.801131904
56,2020,Latvia,5.949999809,10.17531967,-0.186888844,0.918288589,0.795580089
57,2020,Ecuador,5.925199986,9.246058464,-0.127014965,0.836418986,0.801215112
58,2020,Portugal,5.910900116,10.26374245,-0.220714301,0.886590719,0.892629504
59,2020,Jamaica,5.889800072,9.006250381,-0.125106767,0.915701866,0.888890028
60,2020,South Korea,5.872399807,10.51056671,-0.043404032,0.799387157,0.789067447
61,2020,Japan,5.870800018,10.57968903,-0.246910349,0.883545935,0.654558063
62,2020,Peru,5.796800137,9.456313133,-0.16238822,0.831075251,0.893714964
63,2020,Serbia,5.77820015,9.680980682,-0.073676221,0.881475747,0.843509018
64,2020,Bolivia,5.747499943,8.851115227,-0.09168113,0.803108692,0.822606206
65,2020,Pakistan,5.69329977,8.482727051,0.04489987,0.689062297,0.745705426
66,2020,Paraguay,5.692100048,9.389982224,0.007997713,0.898727894,0.834788501
67,2020,Dominican Republic,5.689199924,9.664880753,-0.131263286,0.882085383,0.755999923
68,2020,Bosnia and Herzegovina,5.674099922,9.455817223,0.098274559,0.829204142,0.933769107
69,2020,Moldova,5.607500076,8.776714325,-0.037741039,0.843313575,0.913314283
70,2020,Tajikistan,5.555699825,8.024810791,-0.025088511,0.835297108,0.592076063
71,2020,Montenegro,5.54610014,9.751860619,-0.075600356,0.855314612,0.783121586
72,2020,Russia,5.546000004,10.12887192,-0.151153743,0.903150737,0.864802599
73,2020,Kyrgyzstan,5.541500092,8.148405075,0.154772058,0.887228489,0.888396084
74,2020,Belarus,5.539899826,9.779945374,-0.164926544,0.90674746,0.63571167
75,2020,North Cyprus,5.53550005,10.40570259,0.000227159,0.820356607,0.62611568
76,2020,Greece,5.514999866,10.13232613,-0.300907373,0.814380348,0.859931409
77,2020,Hong Kong S.A.R. of China,5.510399818,10.9346714,0.134979904,0.845969081,0.420607209
78,2020,Croatia,5.504700184,10.07087517,-0.128538325,0.874623716,0.916495264
79,2020,Libya,5.488800049,9.789815903,-0.085054487,0.825942934,0.668779135
80,2020,Mongolia,5.456200123,9.412186623,0.098093867,0.937142491,0.863511205
81,2020,Malaysia,5.384300232,10.26251888,0.114726797,0.816509426,0.839302301
82,2020,Vietnam,5.353499889,8.809545517,-0.094533332,0.849987149,0.79642123
83,2020,Indonesia,5.285600185,9.36975193,0.519586504,0.808379889,0.876296401
84,2020,Ivory Coast,5.233300209,8.225561142,-0.043991156,0.658048689,0.790771961
85,2020,Benin,5.21600008,7.674319744,-0.003537213,0.468671143,0.740532577
86,2020,Maldives,5.197599888,9.518632889,0.038085498,0.91316092,0.824211061
87,2020,Congo (Brazzaville),5.194399834,8.536987305,-0.123674095,0.640228093,0.751779079
88,2020,Azerbaijan,5.164800167,9.687726974,-0.240255281,0.819308281,0.55253756
89,2020,Macedonia,5.159800053,9.510591507,-0.019877451,0.820392311,0.897490501
90,2020,Ghana,5.147999763,8.350645065,0.094170853,0.728601098,0.847964764
91,2020,Nepal,5.137199879,7.925357342,0.154168829,0.785512447,0.738099158
92,2020,Turkey,5.131800175,10.12941933,-0.171046436,0.826313555,0.748197377
93,2020,China,5.123899937,9.688568115,-0.18142575,0.798760593,0.7539711
94,2020,Turkmenistan,5.119100094,9.74803257,0.187671542,0.958966196,0.883691847
95,2020,Bulgaria,5.101500034,9.869318962,-0.143908441,0.937840343,0.935585141
96,2020,Morocco,5.094799995,8.940313339,-0.240377247,0.592628479,0.815724611
97,2020,Cameroon,5.084899902,8.118647575,-0.00149645,0.700386405,0.851336598
98,2020,Venezuela,5.053199768,8.977793694,-0.169090509,0.890408158,0.837038398
99,2020,Algeria,5.005099773,9.537964821,-0.121105164,0.803385139,0.735485137
100,2020,Senegal,4.980800152,8.118982315,-0.052335154,0.723616004,0.808785141
101,2020,Guinea,4.949299812,7.750990391,0.076328471,0.637573481,0.761794448
102,2020,Niger,4.909599781,6.842166901,0.013860817,0.617435038,0.722530186
103,2020,Laos,4.888599873,8.79858017,0.11137148,0.737502217,0.634679317
104,2020,Albania,4.882699966,9.417930603,-0.042309489,0.671070457,0.896303713
105,2020,Cambodia,4.848400116,8.249890327,0.051911179,0.773080647,0.822769046
106,2020,Bangladesh,4.832799911,8.287063599,-0.033664726,0.687292993,0.661843538
107,2020,Gabon,4.829299927,9.680537224,-0.222261623,0.787886858,0.849150956
108,2020,South Africa,4.814099789,9.403370857,-0.109777324,0.852532268,0.843423843
109,2020,Iraq,4.784800053,9.661095619,-0.06956476,0.747694969,0.82226181
110,2020,Lebanon,4.771500111,9.3617239,-0.06121527,0.824338138,0.90225625
111,2020,Burkina Faso,4.768700123,7.46854496,-0.019080516,0.712943614,0.739795029
112,2020,Gambia,4.750599861,7.321814537,0.343198717,0.6931687,0.690717816
113,2020,Mali,4.729300022,7.629852295,-0.044366926,0.731468976,0.839328408
114,2020,Nigeria,4.724100113,8.57662487,0.033745807,0.73721689,0.861874342
115,2020,Armenia,4.676799774,9.100476265,-0.13877961,0.757479429,0.773544788
116,2020,Georgia,4.672599792,9.226100922,-0.22892037,0.629033029,0.665944695
117,2020,Iran,4.672399998,9.813719749,0.117891103,0.694689691,0.714635968
118,2020,Jordan,4.633399963,9.025999069,-0.162565202,0.80216372,0.700344324
119,2020,Mozambique,4.623600006,7.069345951,0.032375868,0.723874032,0.683019102
120,2020,Kenya,4.583000183,8.02977562,0.294681519,0.702652037,0.831499159
121,2020,Namibia,4.571100235,9.203141212,-0.18530646,0.846880972,0.851449788
122,2020,Ukraine,4.56069994,9.010690689,-0.030933706,0.878879368,0.920636714
123,2020,Liberia,4.557899952,7.054380417,0.04227322,0.70928055,0.856375933
124,2020,Palestinian Territories,4.552800179,8.389223099,-0.162079096,0.825295925,0.824199975
125,2020,Uganda,4.43200016,7.500389576,0.099487431,0.764994621,0.836737812
126,2020,Chad,4.422699928,7.467963696,0.017834719,0.632388055,0.802760839
127,2020,Tunisia,4.392199993,9.314972878,-0.216413811,0.688718557,0.867590249
128,2020,Mauritania,4.374599934,8.233919144,-0.106008142,0.790819228,0.746223509
129,2020,Sri Lanka,4.327000141,9.389969826,0.081129618,0.825374067,0.859001756
130,2020,Congo (Kinshasa),4.31099987,6.694256306,0.083637655,0.672159016,0.809403598
131,2020,Swaziland,4.308100224,9.16267395,-0.19920142,0.770290196,0.708263338
132,2020,Myanmar,4.308000088,8.680481911,0.560663998,0.78440702,0.645124316
133,2020,Comoros,4.288599968,7.833630085,0.090008408,0.625662446,0.780622602
134,2020,Togo,4.187200069,7.357711315,0.002667875,0.551312625,0.757733464
135,2020,Ethiopia,4.186200142,7.509385586,0.043377332,0.743307352,0.753690004
136,2020,Madagascar,4.165599823,7.281685829,-0.011823639,0.668195903,0.817485631
137,2020,Egypt,4.151400089,9.316541672,-0.196878314,0.735447824,0.787726879
138,2020,Sierra Leone,3.926399946,7.26880312,0.088660747,0.636142015,0.861330688
139,2020,Burundi,3.775300026,6.492642403,-0.017551597,0.490325719,0.606934547
140,2020,Zambia,3.759399891,8.224720001,0.078037128,0.698824465,0.801289678
141,2020,Haiti,3.720799923,7.411329269,0.40053457,0.593247831,0.684767246
142,2020,Lesotho,3.652800083,7.960488319,-0.145732045,0.780495703,0.857392073
143,2020,India,3.573299885,8.849823952,0.057551607,0.592200935,0.772042692
144,2020,Malawi,3.538000107,7.062226295,0.021433279,0.544007301,0.731700778
145,2020,Yemen,3.527400017,7.759682655,-0.157735437,0.817980587,0.800287724
146,2020,Botswana,3.478899956,9.711203575,-0.250394493,0.779121757,0.777930915
147,2020,Tanzania,3.476200104,7.967665195,0.109668687,0.688933194,0.619799435
148,2020,Central African Republic,3.475899935,6.625160217,0.082410358,0.319459856,0.891806662
149,2020,Rwanda,3.312299967,7.600104332,0.055483952,0.54083544,0.183541179
150,2020,Zimbabwe,3.299200058,7.865711689,-0.072063953,0.763092756,0.81023699
151,2020,South Sudan,2.816600084,7.425359726,0.016518548,0.553707123,0.763417304
152,2020,Afghanistan,2.566900015,7.462860584,-0.0964294,0.470366955,0.933686554
0,2019,Finland,7.769,1.34,0.153,1.587,0.393
1,2019,Denmark,7.6,1.383,0.252,1.573,0.41
2,2019,Norway,7.554,1.488,0.271,1.582,0.341
3,2019,Iceland,7.494,1.38,0.354,1.624,0.118
4,2019,Netherlands,7.488,1.396,0.322,1.522,0.298
5,2019,Switzerland,7.48,1.452,0.263,1.526,0.343
6,2019,Sweden,7.343,1.387,0.267,1.487,0.373
7,2019,New Zealand,7.307,1.303,0.33,1.557,0.38
8,2019,Canada,7.278,1.365,0.285,1.505,0.308
9,2019,Austria,7.246,1.376,0.244,1.475,0.226
10,2019,Australia,7.228,1.372,0.332,1.548,0.29
11,2019,Costa Rica,7.167,1.034,0.144,1.441,0.093
12,2019,Israel,7.139,1.276,0.261,1.455,0.082
13,2019,Luxembourg,7.09,1.609,0.194,1.479,0.316
14,2019,United Kingdom,7.054,1.333,0.348,1.538,0.278
15,2019,Ireland,7.021,1.499,0.298,1.553,0.31
16,2019,Germany,6.985,1.373,0.261,1.454,0.265
17,2019,Belgium,6.923,1.356,0.16,1.504,0.21
18,2019,United States,6.892,1.433,0.28,1.457,0.128
19,2019,Czech Republic,6.852,1.269,0.046,1.487,0.036
20,2019,United Arab Emirates,6.825,1.503,0.262,1.31,0.182
21,2019,Malta,6.726,1.3,0.375,1.52,0.151
22,2019,Mexico,6.595,1.07,0.074,1.323,0.073
23,2019,France,6.592,1.324,0.111,1.472,0.183
24,2019,Taiwan,6.446,1.368,0.242,1.43,0.097
25,2019,Chile,6.444,1.159,0.187,1.369,0.056
26,2019,Guatemala,6.436,0.8,0.175,1.269,0.078
27,2019,Saudi Arabia,6.375,1.403,0.08,1.357,0.132
28,2019,Qatar,6.374,1.684,0.22,1.313,0.167
29,2019,Spain,6.354,1.286,0.153,1.484,0.079
30,2019,Panama,6.321,1.149,0.109,1.442,0.054
31,2019,Brazil,6.3,1.004,0.099,1.439,0.086
32,2019,Uruguay,6.293,1.124,0.127,1.465,0.15
33,2019,Singapore,6.262,1.572,0.271,1.463,0.453
34,2019,El Salvador,6.253,0.794,0.093,1.242,0.074
35,2019,Italy,6.223,1.294,0.158,1.488,0.03
36,2019,Bahrain,6.199,1.362,0.255,1.368,0.11
37,2019,Slovakia,6.198,1.246,0.121,1.504,0.014
38,2019,Trinidad & Tobago,6.192,1.231,0.185,1.477,0.016
39,2019,Poland,6.182,1.206,0.117,1.438,0.05
40,2019,Uzbekistan,6.174,0.745,0.322,1.529,0.24
41,2019,Lithuania,6.149,1.238,0.043,1.515,0.042
42,2019,Colombia,6.125,0.985,0.099,1.41,0.034
43,2019,Slovenia,6.118,1.258,0.144,1.523,0.057
44,2019,Nicaragua,6.105,0.694,0.2,1.325,0.127
45,2019,Kosovo,6.1,0.882,0.262,1.232,0.006
46,2019,Argentina,6.086,1.092,0.066,1.432,0.05
47,2019,Romania,6.07,1.162,0.083,1.232,0.005
48,2019,Cyprus,6.046,1.263,0.19,1.223,0.041
49,2019,Ecuador,6.028,0.912,0.126,1.312,0.087
50,2019,Kuwait,6.021,1.5,0.142,1.319,0.097
51,2019,Thailand,6.008,1.05,0.359,1.409,0.028
52,2019,Latvia,5.94,1.187,0.075,1.465,0.064
53,2019,South Korea,5.895,1.301,0.175,1.219,0.056
54,2019,Estonia,5.893,1.237,0.103,1.528,0.161
55,2019,Jamaica,5.89,0.831,0.107,1.478,0.028
56,2019,Mauritius,5.888,1.12,0.215,1.402,0.06
57,2019,Japan,5.886,1.327,0.069,1.419,0.14
58,2019,Honduras,5.86,0.642,0.246,1.236,0.078
59,2019,Kazakhstan,5.809,1.173,0.146,1.508,0.096
60,2019,Bolivia,5.779,0.776,0.137,1.209,0.064
61,2019,Hungary,5.758,1.201,0.081,1.41,0.02
62,2019,Paraguay,5.743,0.855,0.184,1.475,0.08
63,2019,Northern Cyprus,5.718,1.263,0.191,1.252,0.162
64,2019,Peru,5.697,0.96,0.083,1.274,0.027
65,2019,Portugal,5.693,1.221,0.047,1.431,0.025
66,2019,Pakistan,5.653,0.677,0.22,0.886,0.098
67,2019,Russia,5.648,1.183,0.082,1.452,0.031
68,2019,Philippines,5.631,0.807,0.117,1.293,0.107
69,2019,Serbia,5.603,1.004,0.137,1.383,0.039
70,2019,Moldova,5.529,0.685,0.181,1.328,0.0
71,2019,Libya,5.525,1.044,0.133,1.303,0.152
72,2019,Montenegro,5.523,1.051,0.142,1.361,0.08
73,2019,Tajikistan,5.467,0.493,0.23,1.098,0.144
74,2019,Croatia,5.432,1.155,0.119,1.266,0.022
75,2019,Hong Kong,5.43,1.438,0.258,1.277,0.287
76,2019,Dominican Republic,5.425,1.015,0.113,1.401,0.101
77,2019,Bosnia and Herzegovina,5.386,0.945,0.263,1.212,0.006
78,2019,Turkey,5.373,1.183,0.083,1.36,0.106
79,2019,Malaysia,5.339,1.221,0.26,1.171,0.024
80,2019,Belarus,5.323,1.067,0.094,1.465,0.142
81,2019,Greece,5.287,1.181,0.0,1.156,0.034
82,2019,Mongolia,5.285,0.948,0.235,1.531,0.038
83,2019,North Macedonia,5.274,0.983,0.185,1.294,0.034
84,2019,Nigeria,5.265,0.696,0.215,1.111,0.041
85,2019,Kyrgyzstan,5.261,0.551,0.3,1.438,0.023
86,2019,Turkmenistan,5.247,1.052,0.244,1.538,0.028
87,2019,Algeria,5.211,1.002,0.073,1.16,0.114
88,2019,Morocco,5.208,0.801,0.036,0.782,0.076
89,2019,Azerbaijan,5.208,1.043,0.035,1.147,0.182
90,2019,Lebanon,5.197,0.987,0.166,1.224,0.027
91,2019,Indonesia,5.192,0.931,0.498,1.203,0.028
92,2019,China,5.191,1.029,0.058,1.125,0.1
93,2019,Vietnam,5.175,0.741,0.147,1.346,0.073
94,2019,Bhutan,5.082,0.813,0.37,1.321,0.167
95,2019,Cameroon,5.044,0.549,0.187,0.91,0.037
96,2019,Bulgaria,5.011,1.092,0.081,1.513,0.004
97,2019,Ghana,4.996,0.611,0.245,0.868,0.04
98,2019,Ivory Coast,4.944,0.569,0.154,0.808,0.09
99,2019,Nepal,4.913,0.446,0.285,1.226,0.089
100,2019,Jordan,4.906,0.837,0.11,1.225,0.13
101,2019,Benin,4.883,0.393,0.175,0.437,0.082
102,2019,Congo (Brazzaville),4.812,0.673,0.105,0.799,0.093
103,2019,Gabon,4.799,1.057,0.043,1.183,0.055
104,2019,Laos,4.796,0.764,0.266,1.03,0.164
105,2019,South Africa,4.722,0.96,0.13,1.351,0.055
106,2019,Albania,4.719,0.947,0.178,0.848,0.027
107,2019,Venezuela,4.707,0.96,0.064,1.427,0.047
108,2019,Cambodia,4.7,0.574,0.232,1.122,0.062
109,2019,Palestinian Territories,4.696,0.657,0.103,1.247,0.066
110,2019,Senegal,4.681,0.45,0.153,1.134,0.072
111,2019,Somalia,4.668,0.0,0.243,0.698,0.27
112,2019,Namibia,4.639,0.879,0.07,1.313,0.056
113,2019,Niger,4.628,0.138,0.188,0.774,0.102
114,2019,Burkina Faso,4.587,0.331,0.177,1.056,0.113
115,2019,Armenia,4.559,0.85,0.095,1.055,0.064
116,2019,Iran,4.548,1.1,0.27,0.842,0.125
117,2019,Guinea,4.534,0.38,0.207,0.829,0.086
118,2019,Georgia,4.519,0.886,0.043,0.666,0.164
119,2019,Gambia,4.516,0.308,0.269,0.939,0.167
120,2019,Kenya,4.509,0.512,0.372,0.983,0.053
121,2019,Mauritania,4.49,0.57,0.106,1.167,0.088
122,2019,Mozambique,4.466,0.204,0.197,0.986,0.138
123,2019,Tunisia,4.461,0.921,0.059,1.0,0.055
124,2019,Bangladesh,4.456,0.562,0.166,0.928,0.143
125,2019,Iraq,4.437,1.043,0.148,0.98,0.089
126,2019,Congo (Kinshasa),4.418,0.094,0.212,1.125,0.053
127,2019,Mali,4.39,0.385,0.153,1.105,0.052
128,2019,Sierra Leone,4.374,0.268,0.252,0.841,0.045
129,2019,Sri Lanka,4.366,0.949,0.244,1.265,0.047
130,2019,Myanmar,4.36,0.71,0.566,1.181,0.172
131,2019,Chad,4.35,0.35,0.198,0.766,0.078
132,2019,Ukraine,4.332,0.82,0.187,1.39,0.01
133,2019,Ethiopia,4.286,0.336,0.209,1.033,0.1
134,2019,Swaziland,4.212,0.811,0.074,1.149,0.135
135,2019,Uganda,4.189,0.332,0.252,1.069,0.06
136,2019,Egypt,4.166,0.913,0.076,1.039,0.067
137,2019,Zambia,4.107,0.578,0.247,1.058,0.087
138,2019,Togo,4.085,0.275,0.177,0.572,0.085
139,2019,India,4.015,0.755,0.2,0.765,0.085
140,2019,Liberia,3.975,0.073,0.233,0.922,0.033
141,2019,Comoros,3.973,0.274,0.275,0.757,0.078
142,2019,Madagascar,3.933,0.274,0.169,0.916,0.041
143,2019,Lesotho,3.802,0.489,0.107,1.169,0.093
144,2019,Burundi,3.775,0.046,0.176,0.447,0.18
145,2019,Zimbabwe,3.663,0.366,0.151,1.114,0.089
146,2019,Haiti,3.597,0.323,0.419,0.688,0.11
147,2019,Botswana,3.488,1.041,0.025,1.145,0.1
148,2019,Syria,3.462,0.619,0.331,0.378,0.141
149,2019,Malawi,3.41,0.191,0.218,0.56,0.089
150,2019,Yemen,3.38,0.287,0.108,1.163,0.077
151,2019,Rwanda,3.334,0.359,0.217,0.711,0.411
152,2019,Tanzania,3.231,0.476,0.276,0.885,0.147
153,2019,Afghanistan,3.203,0.35,0.158,0.517,0.025
154,2019,Central African Republic,3.083,0.026,0.235,0.0,0.035
155,2019,South Sudan,2.853,0.306,0.202,0.575,0.091
0,2018,Finland,7.632,1.305,0.202,1.592,0.393
1,2018,Norway,7.594,1.456,0.286,1.582,0.34
2,2018,Denmark,7.555,1.351,0.284,1.59,0.408
3,2018,Iceland,7.495,1.343,0.353,1.644,0.138
4,2018,Switzerland,7.487,1.42,0.256,1.549,0.357
5,2018,Netherlands,7.441,1.361,0.333,1.488,0.295
6,2018,Canada,7.328,1.33,0.321,1.532,0.291
7,2018,New Zealand,7.324,1.268,0.365,1.601,0.389
8,2018,Sweden,7.314,1.355,0.285,1.501,0.383
9,2018,Australia,7.272,1.34,0.361,1.573,0.302
10,2018,United Kingdom,7.19,1.244,0.262,1.433,0.082
11,2018,Austria,7.139,1.341,0.242,1.504,0.224
12,2018,Costa Rica,7.072,1.01,0.143,1.459,0.101
13,2018,Ireland,6.977,1.448,0.307,1.583,0.306
14,2018,Germany,6.965,1.34,0.273,1.474,0.28
15,2018,Belgium,6.927,1.324,0.188,1.483,0.24
16,2018,Luxembourg,6.91,1.576,0.196,1.52,0.321
17,2018,United States,6.886,1.398,0.291,1.471,0.133
18,2018,Israel,6.814,1.301,0.354,1.559,0.272
19,2018,United Arab Emirates,6.774,2.096,0.186,0.776,
20,2018,Czech Republic,6.711,1.233,0.064,1.489,0.034
21,2018,Malta,6.627,1.27,0.376,1.525,0.142
22,2018,France,6.489,1.293,0.098,1.466,0.176
23,2018,Mexico,6.488,1.038,0.069,1.252,0.095
24,2018,Chile,6.476,1.131,0.197,1.331,0.061
25,2018,Taiwan,6.441,1.365,0.151,1.436,0.078
26,2018,Panama,6.43,1.112,0.125,1.438,0.063
27,2018,Brazil,6.419,0.986,0.11,1.474,0.088
28,2018,Argentina,6.388,1.073,0.062,1.468,0.054
29,2018,Guatemala,6.382,0.781,0.179,1.268,0.071
30,2018,Uruguay,6.379,1.093,0.13,1.459,0.155
31,2018,Qatar,6.374,1.649,0.256,1.303,0.171
32,2018,Saudi Arabia,6.371,1.379,0.098,1.331,0.127
33,2018,Singapore,6.343,1.529,0.261,1.451,0.457
34,2018,Malaysia,6.322,1.161,0.311,1.258,0.059
35,2018,Spain,6.31,1.251,0.142,1.538,0.074
36,2018,Colombia,6.26,0.96,0.099,1.439,0.039
37,2018,Trinidad & Tobago,6.192,1.223,0.171,1.492,0.019
38,2018,Slovakia,6.173,1.21,0.118,1.537,0.014
39,2018,El Salvador,6.167,0.806,0.065,1.231,0.082
40,2018,Nicaragua,6.141,0.668,0.208,1.319,0.128
41,2018,Poland,6.123,1.176,0.108,1.448,0.064
42,2018,Bahrain,6.105,1.338,0.243,1.366,0.123
43,2018,Uzbekistan,6.096,0.719,0.328,1.584,0.259
44,2018,Kuwait,6.083,1.474,0.167,1.301,0.106
45,2018,Thailand,6.072,1.016,0.364,1.417,0.029
46,2018,Italy,6.0,1.264,0.137,1.501,0.028
47,2018,Ecuador,5.973,0.889,0.114,1.33,0.12
48,2018,Belize,5.956,0.807,0.183,1.101,0.089
49,2018,Lithuania,5.952,1.197,0.026,1.527,0.006
50,2018,Slovenia,5.948,1.219,0.16,1.506,0.051
51,2018,Romania,5.945,1.116,0.088,1.219,0.001
52,2018,Latvia,5.933,1.148,0.092,1.454,0.066
53,2018,Japan,5.915,1.294,0.079,1.462,0.15
54,2018,Mauritius,5.891,1.09,0.245,1.387,0.05
55,2018,Jamaica,5.89,0.819,0.096,1.493,0.031
56,2018,South Korea,5.875,1.266,0.175,1.204,0.051
57,2018,Northern Cyprus,5.835,1.229,0.179,1.211,0.154
58,2018,Russia,5.81,1.151,0.065,1.479,0.025
59,2018,Kazakhstan,5.79,1.143,0.148,1.516,0.121
60,2018,Cyprus,5.762,1.229,0.202,1.191,0.035
61,2018,Bolivia,5.752,0.751,0.141,1.223,0.054
62,2018,Estonia,5.739,1.2,0.086,1.532,0.174
63,2018,Paraguay,5.681,0.835,0.162,1.522,0.074
64,2018,Peru,5.663,0.934,0.092,1.249,0.034
65,2018,Kosovo,5.662,0.855,0.274,1.23,0.023
66,2018,Moldova,5.64,0.657,0.171,1.301,0.0
67,2018,Turkmenistan,5.636,1.016,0.199,1.533,0.037
68,2018,Hungary,5.62,1.171,0.061,1.401,0.022
69,2018,Libya,5.566,0.985,0.116,1.35,0.148
70,2018,Philippines,5.524,0.775,0.12,1.312,0.105
71,2018,Honduras,5.504,0.62,0.197,1.205,0.074
72,2018,Belarus,5.483,1.039,0.101,1.498,0.154
73,2018,Turkey,5.483,1.148,0.106,1.38,0.109
74,2018,Pakistan,5.472,0.652,0.216,0.81,0.113
75,2018,Hong Kong,5.43,1.405,0.246,1.29,0.291
76,2018,Portugal,5.41,1.188,0.055,1.429,0.017
77,2018,Serbia,5.398,0.975,0.134,1.369,0.043
78,2018,Greece,5.358,1.154,0.0,1.202,0.044
79,2018,Lebanon,5.358,0.965,0.214,1.179,0.136
80,2018,Montenegro,5.347,1.017,0.111,1.279,0.081
81,2018,Croatia,5.321,1.115,0.12,1.161,0.039
82,2018,Dominican Republic,5.302,0.982,0.12,1.441,0.106
83,2018,Algeria,5.295,0.979,0.055,1.154,0.135
84,2018,Morocco,5.254,0.779,0.026,0.797,0.074
85,2018,China,5.246,0.989,0.029,1.142,0.103
86,2018,Azerbaijan,5.201,1.024,0.031,1.161,0.176
87,2018,Tajikistan,5.199,0.474,0.187,1.166,0.034
88,2018,Macedonia,5.185,0.959,0.173,1.239,0.052
89,2018,Jordan,5.161,0.822,0.13,1.265,0.134
90,2018,Nigeria,5.155,0.689,0.201,1.172,0.032
91,2018,Kyrgyzstan,5.131,0.53,0.281,1.416,0.035
92,2018,Bosnia and Herzegovina,5.129,0.915,0.216,1.078,0.0
93,2018,Mongolia,5.125,0.914,0.253,1.517,0.032
94,2018,Vietnam,5.103,0.715,0.177,1.365,0.079
95,2018,Indonesia,5.093,0.899,0.484,1.215,0.018
96,2018,Bhutan,5.082,0.796,0.364,1.335,0.171
97,2018,Somalia,4.982,0.0,0.238,0.712,0.282
98,2018,Cameroon,4.975,0.535,0.183,0.891,0.043
99,2018,Bulgaria,4.933,1.054,0.064,1.515,0.009
100,2018,Nepal,4.88,0.425,0.302,1.228,0.078
101,2018,Venezuela,4.806,0.996,0.056,1.469,0.052
102,2018,Gabon,4.758,1.036,0.032,1.164,0.052
103,2018,Palestinian Territories,4.743,0.642,0.086,1.217,0.076
104,2018,South Africa,4.724,0.94,0.103,1.41,0.056
105,2018,Iran,4.707,1.059,0.282,0.771,0.129
106,2018,Ivory Coast,4.671,0.541,0.146,0.872,0.103
107,2018,Ghana,4.657,0.592,0.212,0.896,0.029
108,2018,Senegal,4.631,0.429,0.138,1.117,0.082
109,2018,Laos,4.623,0.72,0.23,1.034,0.174
110,2018,Tunisia,4.592,0.9,0.04,0.906,0.063
111,2018,Albania,4.586,0.916,0.149,0.817,0.032
112,2018,Sierra Leone,4.571,0.256,0.238,0.813,0.053
113,2018,Congo (Brazzaville),4.559,0.682,0.091,0.811,0.077
114,2018,Bangladesh,4.5,0.532,0.153,0.85,0.144
115,2018,Sri Lanka,4.471,0.918,0.307,1.314,0.05
116,2018,Iraq,4.456,1.01,0.148,0.971,0.095
117,2018,Mali,4.447,0.37,0.139,1.233,0.056
118,2018,Namibia,4.441,0.874,0.051,1.281,0.064
119,2018,Cambodia,4.433,0.549,0.256,1.088,0.065
120,2018,Burkina Faso,4.424,0.314,0.175,1.097,0.128
121,2018,Egypt,4.419,0.885,0.092,1.025,0.107
122,2018,Mozambique,4.417,0.198,0.206,0.902,0.158
123,2018,Kenya,4.41,0.493,0.352,1.048,0.055
124,2018,Zambia,4.377,0.562,0.221,1.047,0.082
125,2018,Mauritania,4.356,0.557,0.134,1.245,0.093
126,2018,Ethiopia,4.35,0.308,0.22,0.95,0.146
127,2018,Georgia,4.34,0.853,0.038,0.592,0.215
128,2018,Armenia,4.321,0.816,0.077,0.99,0.028
129,2018,Myanmar,4.308,0.682,0.598,1.174,0.178
130,2018,Chad,4.301,0.358,0.181,0.907,0.06
131,2018,Congo (Kinshasa),4.245,0.069,0.197,1.136,0.052
132,2018,India,4.19,0.721,0.172,0.747,0.093
133,2018,Niger,4.166,0.131,0.175,0.867,0.099
134,2018,Uganda,4.161,0.322,0.259,1.09,0.061
135,2018,Benin,4.141,0.378,0.163,0.372,0.067
136,2018,Sudan,4.139,0.605,0.134,1.24,0.082
137,2018,Ukraine,4.103,0.793,0.187,1.413,0.011
138,2018,Togo,3.999,0.259,0.158,0.474,0.101
139,2018,Guinea,3.964,0.344,0.185,0.792,0.094
140,2018,Lesotho,3.808,0.472,0.116,1.215,0.112
141,2018,Angola,3.795,0.73,0.079,1.125,0.061
142,2018,Madagascar,3.774,0.262,0.155,0.908,0.049
143,2018,Zimbabwe,3.692,0.357,0.132,1.094,0.099
144,2018,Afghanistan,3.632,0.332,0.191,0.537,0.036
145,2018,Botswana,3.59,1.017,0.042,1.174,0.092
146,2018,Malawi,3.587,0.186,0.21,0.541,0.08
147,2018,Haiti,3.582,0.315,0.392,0.714,0.104
148,2018,Liberia,3.495,0.076,0.206,0.858,0.03
149,2018,Syria,3.462,0.689,0.376,0.382,0.144
150,2018,Rwanda,3.408,0.332,0.2,0.896,0.444
151,2018,Yemen,3.355,0.442,0.083,1.073,0.064
152,2018,Tanzania,3.303,0.455,0.27,0.991,0.097
153,2018,South Sudan,3.254,0.337,0.224,0.608,0.106
154,2018,Central African Republic,3.083,0.024,0.218,0.0,0.038
155,2018,Burundi,2.905,0.091,0.149,0.627,0.076
0,2017,Norway,7.53700017929077,1.61646318435669,0.36201223731041,1.53352355957031,0.315963834524155
1,2017,Denmark,7.52199983596802,1.48238301277161,0.355280488729477,1.55112159252167,0.40077006816864
2,2017,Iceland,7.50400018692017,1.480633020401,0.475540220737457,1.6105740070343,0.153526559472084
3,2017,Switzerland,7.49399995803833,1.56497955322266,0.290549278259277,1.51691174507141,0.367007285356522
4,2017,Finland,7.4689998626709,1.44357192516327,0.24548277258873,1.5402467250824,0.38261154294014
5,2017,Netherlands,7.3769998550415,1.50394463539124,0.470489829778671,1.42893922328949,0.282661825418472
6,2017,Canada,7.31599998474121,1.47920441627502,0.435539722442627,1.48134899139404,0.287371516227722
7,2017,New Zealand,7.31400012969971,1.40570604801178,0.500005125999451,1.54819512367249,0.382816702127457
8,2017,Sweden,7.28399991989136,1.49438726902008,0.385399252176285,1.47816216945648,0.384398728609085
9,2017,Australia,7.28399991989136,1.484414935112,0.477699249982834,1.51004195213318,0.301183730363846
10,2017,Israel,7.21299982070923,1.37538242340088,0.330082654953003,1.37628996372223,0.0852421000599861
11,2017,Costa Rica,7.0789999961853,1.10970628261566,0.214613229036331,1.41640365123749,0.100106589496136
12,2017,Austria,7.00600004196167,1.48709726333618,0.316472321748734,1.4599449634552,0.221060365438461
13,2017,United States,6.99300003051758,1.54625928401947,0.392578780651093,1.41992056369781,0.135638788342476
14,2017,Ireland,6.97700023651123,1.53570663928986,0.42785832285881,1.55823111534119,0.29838815331459
15,2017,Germany,6.95100021362305,1.48792338371277,0.336269170045853,1.47252035140991,0.276731938123703
16,2017,Belgium,6.89099979400635,1.46378076076508,0.231503337621689,1.46231269836426,0.251343131065369
17,2017,Luxembourg,6.86299991607666,1.74194359779358,0.283180981874466,1.45758366584778,0.31883442401886
18,2017,United Kingdom,6.71400022506714,1.44163393974304,0.492774158716202,1.49646008014679,0.265428066253662
19,2017,Chile,6.65199995040894,1.25278460979462,0.326662421226501,1.28402495384216,0.0822879821062088
20,2017,United Arab Emirates,6.64799976348877,1.62634336948395,0.3609419465065,1.26641023159027,0.324489563703537
21,2017,Brazil,6.63500022888184,1.10735321044922,0.16234989464283,1.43130600452423,0.111092761158943
22,2017,Czech Republic,6.60900020599365,1.35268235206604,0.0881067588925362,1.43388521671295,0.0368729270994663
23,2017,Argentina,6.59899997711182,1.18529546260834,0.109457060694695,1.44045114517212,0.059739887714386
24,2017,Mexico,6.57800006866455,1.15318381786346,0.120990432798862,1.210862159729,0.132774114608765
25,2017,Singapore,6.57200002670288,1.69227766990662,0.345965981483459,1.35381436347961,0.46430778503418
26,2017,Malta,6.52699995040894,1.34327983856201,0.574730575084686,1.48841166496277,0.153066068887711
27,2017,Uruguay,6.4539999961853,1.21755969524384,0.175096929073334,1.41222786903381,0.178061872720718
28,2017,Guatemala,6.4539999961853,0.872001945972443,0.283488392829895,1.25558519363403,0.0772232785820961
29,2017,Panama,6.4520001411438,1.23374843597412,0.21055693924427,1.37319254875183,0.070983923971653
30,2017,France,6.44199991226196,1.43092346191406,0.129762306809425,1.38777685165405,0.172502428293228
31,2017,Thailand,6.42399978637695,1.12786877155304,0.572123110294342,1.42579245567322,0.0316127352416515
32,2017,Taiwan Province of China,6.42199993133545,1.43362653255463,0.258360475301743,1.38456535339355,0.0638292357325554
33,2017,Spain,6.40299987792969,1.38439786434174,0.190133571624756,1.53209090232849,0.0709140971302986
34,2017,Qatar,6.375,1.87076568603516,0.330473870038986,1.27429687976837,0.439299255609512
35,2017,Colombia,6.35699987411499,1.07062232494354,0.149014472961426,1.4021829366684,0.0466687418520451
36,2017,Saudi Arabia,6.3439998626709,1.53062355518341,0.147616013884544,1.28667759895325,0.27343225479126
37,2017,Trinidad and Tobago,6.16800022125244,1.36135590076447,0.325296461582184,1.3802285194397,0.0089648161083459
38,2017,Kuwait,6.10500001907349,1.63295245170593,0.228289797902107,1.25969874858856,0.215159550309181
39,2017,Slovakia,6.09800004959106,1.32539355754852,0.136544480919838,1.50505924224854,0.0242108516395092
40,2017,Bahrain,6.08699989318848,1.48841226100922,0.172668486833572,1.32311046123505,0.257042169570923
41,2017,Malaysia,6.08400011062622,1.29121541976929,0.416608929634094,1.28464603424072,0.0656007081270218
42,2017,Nicaragua,6.07100009918213,0.737299203872681,0.301674216985703,1.28721570968628,0.130687981843948
43,2017,Ecuador,6.00799989700317,1.00082039833069,0.150112465023994,1.28616881370544,0.140134647488594
44,2017,El Salvador,6.00299978256226,0.909784495830536,0.0782579854130745,1.18212509155273,0.0899809598922729
45,2017,Poland,5.97300004959106,1.29178786277771,0.158465966582298,1.44571197032928,0.0593078061938286
46,2017,Uzbekistan,5.97100019454956,0.786441087722778,0.415983647108078,1.54896914958954,0.246528223156929
47,2017,Italy,5.96400022506714,1.39506661891937,0.17278964817524,1.44492328166962,0.0280280914157629
48,2017,Russia,5.96299982070923,1.28177809715271,0.0522638224065304,1.46928238868713,0.0329628810286522
49,2017,Belize,5.95599985122681,0.907975316047668,0.240015640854836,1.08141779899597,0.0965810716152191
50,2017,Japan,5.92000007629395,1.41691517829895,0.12057276815176,1.43633782863617,0.163760736584663
51,2017,Lithuania,5.90199995040894,1.31458234786987,0.010164656676352,1.47351610660553,0.0118656428530812
52,2017,Algeria,5.87200021743774,1.09186446666718,0.0694366469979286,1.1462174654007,0.146096110343933
53,2017,Latvia,5.84999990463257,1.26074862480164,0.153074786067009,1.40471494197845,0.0738427266478539
54,2017,South Korea,5.83799982070923,1.40167844295502,0.206674367189407,1.12827444076538,0.0632826685905457
55,2017,Moldova,5.83799982070923,0.728870630264282,0.208779126405716,1.25182557106018,0.0100912861526012
56,2017,Romania,5.82499980926514,1.21768391132355,0.133519917726517,1.15009129047394,0.00438790069893
57,2017,Bolivia,5.82299995422363,0.833756566047668,0.22556072473526,1.22761905193329,0.0604777261614799
58,2017,Turkmenistan,5.82200002670288,1.13077676296234,0.24992498755455,1.49314916133881,0.259270340204239
59,2017,Kazakhstan,5.81899976730347,1.28455626964569,0.201964423060417,1.38436901569366,0.119282886385918
60,2017,North Cyprus,5.80999994277954,1.3469113111496,0.266845703125,1.18630337715149,0.155353352427483
61,2017,Slovenia,5.75799989700317,1.3412059545517,0.242649093270302,1.45251882076263,0.0451289787888527
62,2017,Peru,5.71500015258789,1.03522527217865,0.126819714903831,1.21877038478851,0.0470490865409374
63,2017,Mauritius,5.62900018692017,1.18939554691315,0.360933750867844,1.20956099033356,0.0421815551817417
64,2017,Cyprus,5.62099981307983,1.35593807697296,0.271254301071167,1.13136327266693,0.0412379764020443
65,2017,Estonia,5.61100006103516,1.32087934017181,0.0988908112049103,1.47667109966278,0.183248922228813
66,2017,Belarus,5.56899976730347,1.15655755996704,0.15513750910759,1.44494521617889,0.156313821673393
67,2017,Libya,5.52500009536743,1.10180306434631,0.152073666453362,1.35756433010101,0.0926102101802826
68,2017,Turkey,5.5,1.19827437400818,0.0466930419206619,1.33775317668915,0.0996715798974037
69,2017,Paraguay,5.49300003051758,0.932537317276001,0.224150657653809,1.50728487968445,0.091065913438797
70,2017,"Hong Kong S.A.R., China",5.47200012207031,1.55167484283447,0.374465793371201,1.26279091835022,0.293933749198914
71,2017,Philippines,5.42999982833862,0.85769921541214,0.193513423204422,1.25391757488251,0.0993318930268288
72,2017,Serbia,5.39499998092651,1.06931757926941,0.220125883817673,1.25818979740143,0.0409037806093693
73,2017,Jordan,5.33599996566772,0.991012394428253,0.172170460224152,1.23908889293671,0.11980327218771
74,2017,Hungary,5.32399988174438,1.2860119342804,0.0784016624093056,1.34313309192657,0.0366369374096394
75,2017,Jamaica,5.31099987030029,0.925579309463501,0.233818337321281,1.36821806430817,0.0552677810192108
76,2017,Croatia,5.29300022125244,1.22255623340607,0.248002976179123,0.96798300743103,0.0431031100451946
77,2017,Kosovo,5.27899980545044,0.951484382152557,0.319931447505951,1.13785350322723,0.0574716180562973
78,2017,China,5.27299976348877,1.08116579055786,0.0288068410009146,1.16083741188049,0.0227942746132612
79,2017,Pakistan,5.26900005340576,0.72688353061676,0.315446019172668,0.672690689563751,0.124348066747189
80,2017,Indonesia,5.26200008392334,0.995538592338562,0.611704587936401,1.27444469928741,0.0153171354904771
81,2017,Venezuela,5.25,1.12843120098114,0.0650196298956871,1.43133759498596,0.0644911229610443
82,2017,Montenegro,5.23699998855591,1.12112903594971,0.197911024093628,1.23837649822235,0.0881741940975189
83,2017,Morocco,5.2350001335144,0.878114581108093,0.0322099551558495,0.774864435195923,0.0877631828188896
84,2017,Azerbaijan,5.23400020599365,1.15360176563263,0.0452693402767181,1.15240025520325,0.180987507104874
85,2017,Dominican Republic,5.23000001907349,1.07937383651733,0.186967849731445,1.40241670608521,0.113945253193378
86,2017,Greece,5.22700023651123,1.28948748111725,0.0,1.23941457271576,0.04328977689147
87,2017,Lebanon,5.22499990463257,1.07498753070831,0.264450758695602,1.12962424755096,0.037513829767704
88,2017,Portugal,5.19500017166138,1.3151752948761,0.0951027125120163,1.36704301834106,0.0158694516867399
89,2017,Bosnia and Herzegovina,5.18200016021729,0.982409417629242,0.328867495059967,1.0693359375,0.0
90,2017,Honduras,5.18100023269653,0.730573117733002,0.236188873648643,1.14394497871399,0.0733454525470734
91,2017,Macedonia,5.17500019073486,1.06457793712616,0.25376096367836,1.20789301395416,0.0602777935564518
92,2017,Somalia,5.15100002288818,0.0226431842893362,0.291631311178207,0.721151351928711,0.282410323619843
93,2017,Vietnam,5.07399988174438,0.788547575473785,0.234968051314354,1.27749133110046,0.0876332372426987
94,2017,Nigeria,5.07399988174438,0.783756256103516,0.230947196483612,1.21577048301697,0.0261215660721064
95,2017,Tajikistan,5.04099988937378,0.524713635444641,0.248997643589973,1.27146327495575,0.146377146244049
96,2017,Bhutan,5.01100015640259,0.885416388511658,0.474054545164108,1.34012651443481,0.173380389809608
97,2017,Kyrgyzstan,5.00400018692017,0.596220076084137,0.42858037352562,1.39423859119415,0.0394391790032387
98,2017,Nepal,4.96199989318848,0.479820191860199,0.394096165895462,1.17928326129913,0.0729755461215973
99,2017,Mongolia,4.95499992370605,1.02723586559296,0.338464230298996,1.4930112361908,0.0329022891819477
100,2017,South Africa,4.8289999961853,1.05469870567322,0.139362379908562,1.38478863239288,0.0725094974040985
101,2017,Tunisia,4.80499982833862,1.00726580619812,0.0496933571994305,0.868351459503174,0.0867231488227844
102,2017,Palestinian Territories,4.77500009536743,0.716249227523804,0.114173173904419,1.15564715862274,0.0892826020717621
103,2017,Egypt,4.7350001335144,0.989701807498932,0.128631442785263,0.997471392154694,0.114381365478039
104,2017,Bulgaria,4.71400022506714,1.1614590883255,0.113177694380283,1.43437945842743,0.0110515309497714
105,2017,Sierra Leone,4.70900011062622,0.36842092871666,0.293040901422501,0.984136044979095,0.0710951760411263
106,2017,Cameroon,4.69500017166138,0.564305365085602,0.236298456788063,0.946018218994141,0.0513066314160824
107,2017,Iran,4.69199991226196,1.15687310695648,0.387242913246155,0.711551249027252,0.048761073499918
108,2017,Albania,4.64400005340576,0.996192753314972,0.201312944293022,0.803685247898102,0.0398642159998417
109,2017,Bangladesh,4.60799980163574,0.586682975292206,0.172255352139473,0.735131740570068,0.123717859387398
110,2017,Namibia,4.57399988174438,0.964434325695038,0.0771337449550629,1.0984708070755,0.0931469723582268
111,2017,Kenya,4.55299997329712,0.560479462146759,0.444860309362411,1.06795072555542,0.0646413192152977
112,2017,Mozambique,4.55000019073486,0.234305649995804,0.322228103876114,0.870701014995575,0.179436385631561
113,2017,Myanmar,4.54500007629395,0.367110550403595,0.838075160980225,1.12323594093323,0.188816204667091
114,2017,Senegal,4.53499984741211,0.479309022426605,0.183468893170357,1.17969191074371,0.115460447967052
115,2017,Zambia,4.51399993896484,0.636406779289246,0.249580144882202,1.00318729877472,0.0782135501503944
116,2017,Iraq,4.49700021743774,1.10271048545837,0.19963726401329,0.978613197803497,0.107215754687786
117,2017,Gabon,4.46500015258789,1.1982102394104,0.0437853783369064,1.1556202173233,0.0760467872023582
118,2017,Ethiopia,4.46000003814697,0.339233845472336,0.312650740146637,0.86466920375824,0.165455713868141
119,2017,Sri Lanka,4.44000005722046,1.00985014438629,0.490863561630249,1.25997638702393,0.0736539661884308
120,2017,Armenia,4.37599992752075,0.900596737861633,0.0834880918264389,1.00748372077942,0.0266744215041399
121,2017,India,4.31500005722046,0.792221248149872,0.231538489460945,0.754372596740723,0.0922268852591515
122,2017,Mauritania,4.29199981689453,0.648457288742065,0.201870024204254,1.2720308303833,0.136957004666328
123,2017,Congo (Brazzaville),4.29099988937378,0.808964252471924,0.120852127671242,0.832044363021851,0.0796181336045265
124,2017,Georgia,4.28599977493286,0.950612664222717,0.0540088154375553,0.57061493396759,0.251666635274887
125,2017,Congo (Kinshasa),4.28000020980835,0.0921023488044739,0.246455833315849,1.22902345657349,0.0602413564920425
126,2017,Mali,4.19000005722046,0.476180493831635,0.183354198932648,1.28147339820862,0.104970246553421
127,2017,Ivory Coast,4.17999982833862,0.603048920631409,0.201237469911575,0.904780030250549,0.130061775445938
128,2017,Cambodia,4.16800022125244,0.601765096187592,0.385922968387604,1.00623834133148,0.0681059509515762
129,2017,Sudan,4.13899993896484,0.65951669216156,0.182317450642586,1.21400856971741,0.089847519993782
130,2017,Ghana,4.11999988555908,0.667224824428558,0.256923943758011,0.873664736747742,0.0253363698720932
131,2017,Ukraine,4.09600019454956,0.89465194940567,0.270061463117599,1.39453756809235,0.0230294708162546
132,2017,Uganda,4.08099985122681,0.381430715322495,0.325766056776047,1.12982773780823,0.057069718837738
133,2017,Burkina Faso,4.03200006484985,0.3502277135849,0.250864684581757,1.04328000545502,0.120328105986118
134,2017,Niger,4.02799987792969,0.161925330758095,0.228673845529556,0.993025004863739,0.138572946190834
135,2017,Malawi,3.97000002861023,0.233442038297653,0.287170469760895,0.512568831443787,0.0727116540074348
136,2017,Chad,3.93600010871887,0.438012987375259,0.216113850474358,0.953855872154236,0.0535818822681904
137,2017,Zimbabwe,3.875,0.375846534967422,0.189143493771553,1.08309590816498,0.0953753814101219
138,2017,Lesotho,3.80800008773804,0.521021246910095,0.157497271895409,1.19009518623352,0.119094640016556
139,2017,Angola,3.79500007629395,0.858428180217743,0.097926490008831,1.10441195964813,0.0697203353047371
140,2017,Afghanistan,3.79399991035461,0.401477217674255,0.311870932579041,0.581543326377869,0.0611578300595284
141,2017,Botswana,3.76600003242493,1.12209415435791,0.0993484482169151,1.22155499458313,0.0985831990838051
142,2017,Benin,3.65700006484985,0.431085407733917,0.207948461174965,0.435299843549728,0.0609290152788162
143,2017,Madagascar,3.64400005340576,0.305808693170547,0.208732530474663,0.913020372390747,0.0672319754958153
144,2017,Haiti,3.6029999256134,0.368610262870789,0.489203780889511,0.640449821949005,0.0998721495270729
145,2017,Yemen,3.59299993515015,0.591683447360992,0.104125209152699,0.93538224697113,0.0567674227058887
146,2017,South Sudan,3.59100008010864,0.39724862575531,0.285670816898346,0.601323127746582,0.116793513298035
147,2017,Liberia,3.53299999237061,0.119041793048382,0.26654988527298,0.872117936611176,0.0389482490718365
148,2017,Guinea,3.50699996948242,0.244549930095673,0.264815092086792,0.791244685649872,0.110937617719173
149,2017,Togo,3.49499988555908,0.305444717407227,0.196896150708199,0.431882530450821,0.0956650152802467
150,2017,Rwanda,3.47099995613098,0.368745893239975,0.252756029367447,0.945707023143768,0.455220013856888
151,2017,Syria,3.46199989318848,0.777153134346008,0.493663728237152,0.396102607250214,0.151347130537033
152,2017,Tanzania,3.34899997711182,0.511135876178741,0.354256361722946,1.04198980331421,0.0660351067781448
153,2017,Burundi,2.90499997138977,0.091622568666935,0.204435184597969,0.629793584346771,0.0841479450464249
154,2017,Central African Republic,2.69300007820129,0.0,0.280876487493515,0.0,0.0565650761127472
0,2016,Denmark,7.526,1.44178,0.36171,1.16374,0.44453
1,2016,Switzerland,7.509,1.52733,0.28083,1.14524,0.41203
2,2016,Iceland,7.501,1.42666,0.47678,1.18326,0.14975
3,2016,Norway,7.498,1.57744,0.37895,1.1269,0.35776
4,2016,Finland,7.413,1.40598,0.25492,1.13464,0.41004
5,2016,Canada,7.404,1.44015,0.44834,1.0961,0.31329
6,2016,Netherlands,7.339,1.46468,0.47416,1.02912,0.29927
7,2016,New Zealand,7.334,1.36066,0.49401,1.17278,0.41904
8,2016,Australia,7.313,1.44443,0.47407,1.10476,0.32331
9,2016,Sweden,7.291,1.45181,0.38254,1.08764,0.40867
10,2016,Israel,7.267,1.33766,0.32288,0.99537,0.08728
11,2016,Austria,7.119,1.45038,0.32865,1.08383,0.21348
12,2016,United States,7.104,1.50796,0.41077,1.04782,0.14868
13,2016,Costa Rica,7.087,1.06879,0.22553,1.02152,0.10547
14,2016,Puerto Rico,7.039,1.35943,0.22202,1.08113,0.12275
15,2016,Germany,6.994,1.44787,0.30452,1.09774,0.28551
16,2016,Brazil,6.952,1.08754,0.15776,1.03938,0.14166
17,2016,Belgium,6.929,1.42539,0.2424,1.05249,0.26248
18,2016,Ireland,6.907,1.48341,0.44963,1.16157,0.29754
19,2016,Luxembourg,6.871,1.69752,0.27571,1.03999,0.35329
20,2016,Mexico,6.778,1.11508,0.11735,0.7146,0.18355
21,2016,Singapore,6.739,1.64555,0.32706,0.86758,0.46987
22,2016,United Kingdom,6.725,1.40283,0.50156,1.08672,0.27399
23,2016,Chile,6.705,1.2167,0.31595,0.90587,0.11451
24,2016,Panama,6.701,1.18306,0.2418,0.98912,0.08423
25,2016,Argentina,6.65,1.15137,0.10989,1.06612,0.07296
26,2016,Czech Republic,6.596,1.30915,0.09929,1.00793,0.03986
27,2016,United Arab Emirates,6.573,1.57352,0.26591,0.87114,0.35561
28,2016,Uruguay,6.545,1.18157,0.18056,1.03143,0.21394
29,2016,Malta,6.488,1.30782,0.56237,1.09879,0.17554
30,2016,Colombia,6.481,1.03032,0.15626,1.02169,0.05399
31,2016,France,6.478,1.39488,0.1216,1.00508,0.17808
32,2016,Thailand,6.474,1.0893,0.58696,1.04477,0.02833
33,2016,Saudi Arabia,6.379,1.48953,0.15457,0.84829,0.30008
34,2016,Taiwan,6.379,1.39729,0.25495,0.92624,0.0663
35,2016,Qatar,6.375,1.82427,0.32388,0.87964,0.48049
36,2016,Spain,6.361,1.34253,0.17665,1.12945,0.06137
37,2016,Algeria,6.355,1.05266,0.07044,0.83309,0.16157
38,2016,Guatemala,6.324,0.83454,0.28808,0.87119,0.08701
39,2016,Suriname,6.269,1.09686,0.16665,0.77866,0.12692
40,2016,Kuwait,6.239,1.61714,0.15965,0.87758,0.23669
41,2016,Bahrain,6.218,1.44024,0.17147,0.94397,0.25772
42,2016,Trinidad and Tobago,6.168,1.32572,0.31935,0.98569,0.01241
43,2016,Venezuela,6.084,1.13367,0.0425,1.03302,0.08304
44,2016,Slovakia,6.078,1.27973,0.13837,1.08268,0.02947
45,2016,El Salvador,6.068,0.8737,0.08877,0.80975,0.10613
46,2016,Malaysia,6.005,1.25142,0.41474,0.88025,0.09081
47,2016,Nicaragua,5.992,0.69384,0.29773,0.89521,0.16292
48,2016,Uzbekistan,5.987,0.73591,0.34326,1.1681,0.28333
49,2016,Italy,5.977,1.35495,0.16684,1.04167,0.02556
50,2016,Ecuador,5.976,0.97306,0.10074,0.85974,0.18037
51,2016,Belize,5.956,0.87616,0.23684,0.68655,0.10771
52,2016,Japan,5.921,1.38007,0.10224,1.06054,0.18985
53,2016,Kazakhstan,5.919,1.22943,0.15011,0.95544,0.11132
54,2016,Moldova,5.897,0.69177,0.19997,0.83132,0.01903
55,2016,Russia,5.856,1.23228,0.02736,1.05261,0.03586
56,2016,Poland,5.835,1.24585,0.14443,1.04685,0.055
57,2016,South Korea,5.835,1.35948,0.18824,0.72194,0.07716
58,2016,Bolivia,5.822,0.79422,0.21698,0.83779,0.07746
59,2016,Lithuania,5.813,1.2692,0.02025,1.06411,0.0182
60,2016,Belarus,5.802,1.13062,0.13942,1.04993,0.17457
61,2016,North Cyprus,5.771,1.31141,0.26322,0.81826,0.16578
62,2016,Slovenia,5.768,1.29947,0.25738,1.05613,0.03635
63,2016,Peru,5.743,0.99602,0.14527,0.81255,0.05292
64,2016,Turkmenistan,5.658,1.08017,0.22567,1.03817,0.28467
65,2016,Mauritius,5.648,1.14372,0.36951,0.75695,0.05203
66,2016,Libya,5.615,1.06688,0.17087,0.95076,0.10339
67,2016,Latvia,5.56,1.21788,0.17445,0.95025,0.0889
68,2016,Cyprus,5.546,1.31857,0.27906,0.70697,0.05228
69,2016,Paraguay,5.538,0.89373,0.25296,1.11111,0.07396
70,2016,Romania,5.528,1.1697,0.12889,0.72803,0.00679
71,2016,Estonia,5.517,1.27964,0.08423,1.05163,0.18519
72,2016,Jamaica,5.51,0.89333,0.22245,0.96372,0.04294
73,2016,Croatia,5.488,1.18649,0.18434,0.60809,0.04002
74,2016,Hong Kong,5.458,1.5107,0.40097,0.87021,0.31647
75,2016,Somalia,5.44,0.0,0.27225,0.33613,0.3118
76,2016,Kosovo,5.401,0.90145,0.27992,0.66062,0.06547
77,2016,Turkey,5.389,1.16492,0.04707,0.87717,0.12348
78,2016,Indonesia,5.314,0.95104,0.56521,0.87625,0.00322
79,2016,Jordan,5.303,0.99673,0.14262,0.86216,0.13297
80,2016,Azerbaijan,5.291,1.12373,0.0564,0.76042,0.17914
81,2016,Philippines,5.279,0.81217,0.21674,0.87877,0.11757
82,2016,China,5.245,1.0278,0.04959,0.79381,0.02745
83,2016,Bhutan,5.196,0.8527,0.48546,0.90836,0.1616
84,2016,Kyrgyzstan,5.185,0.56044,0.38432,0.95434,0.04762
85,2016,Serbia,5.177,1.03437,0.20737,0.81329,0.04339
86,2016,Bosnia and Herzegovina,5.163,0.93383,0.29889,0.64367,0.0
87,2016,Montenegro,5.161,1.07838,0.17191,0.74173,0.12721
88,2016,Dominican Republic,5.155,1.02787,0.21286,0.99496,0.12372
89,2016,Morocco,5.151,0.84058,0.04053,0.38595,0.08404
90,2016,Hungary,5.145,1.24142,0.099,0.93164,0.04472
91,2016,Pakistan,5.132,0.68816,0.31185,0.26135,0.1388
92,2016,Lebanon,5.129,1.12268,0.23693,0.64184,0.03061
93,2016,Portugal,5.123,1.27607,0.11691,0.94367,0.01521
94,2016,Macedonia,5.121,1.0193,0.23507,0.78236,0.07047
95,2016,Vietnam,5.061,0.74037,0.25075,0.79117,0.11556
96,2016,Somaliland Region,5.057,0.25558,0.51479,0.75862,0.36794
97,2016,Tunisia,5.045,0.97724,0.03936,0.43165,0.0817
98,2016,Greece,5.033,1.24886,0.0,0.75473,0.04127
99,2016,Tajikistan,4.996,0.48835,0.25998,0.75602,0.13509
100,2016,Mongolia,4.907,0.98853,0.34539,1.08983,0.03285
101,2016,Laos,4.876,0.68042,0.43079,0.5497,0.22423
102,2016,Nigeria,4.875,0.75216,0.23219,0.64498,0.0305
103,2016,Honduras,4.871,0.69429,0.2044,0.75596,0.06906
104,2016,Iran,4.813,1.11758,0.38538,0.38857,0.0557
105,2016,Zambia,4.795,0.61202,0.17866,0.6376,0.11479
106,2016,Nepal,4.793,0.44626,0.3816,0.69699,0.07008
107,2016,Palestinian Territories,4.754,0.67024,0.11154,0.71629,0.10613
108,2016,Albania,4.655,0.9553,0.1684,0.50163,0.05301
109,2016,Bangladesh,4.643,0.54177,0.19132,0.24749,0.12583
110,2016,Sierra Leone,4.635,0.36485,0.23897,0.628,0.08196
111,2016,Iraq,4.575,1.07474,0.19589,0.59205,0.13636
112,2016,Namibia,4.574,0.93287,0.07795,0.70362,0.10398
113,2016,Cameroon,4.513,0.52497,0.2268,0.62542,0.06126
114,2016,Ethiopia,4.508,0.29283,0.29522,0.37932,0.1717
115,2016,South Africa,4.459,1.02416,0.13656,0.96053,0.08415
116,2016,Sri Lanka,4.415,0.97318,0.46978,0.84783,0.07964
117,2016,India,4.404,0.74036,0.25028,0.29247,0.08722
118,2016,Myanmar,4.395,0.34112,0.81971,0.69981,0.20243
119,2016,Egypt,4.362,0.95395,0.12706,0.49813,0.10393
120,2016,Armenia,4.36,0.86086,0.07793,0.62477,0.03616
121,2016,Kenya,4.356,0.52267,0.41328,0.7624,0.06686
122,2016,Ukraine,4.324,0.87287,0.20363,1.01413,0.01829
123,2016,Ghana,4.276,0.63107,0.21203,0.49353,0.0326
124,2016,Congo (Kinshasa),4.272,0.05661,0.25458,0.80676,0.06075
125,2016,Georgia,4.252,0.83792,0.06786,0.19249,0.3188
126,2016,Congo (Brazzaville),4.236,0.77109,0.12077,0.47799,0.09753
127,2016,Senegal,4.219,0.44314,0.19103,0.77416,0.11681
128,2016,Bulgaria,4.217,1.11306,0.12793,0.92542,0.00615
129,2016,Mauritania,4.201,0.61391,0.22686,0.84142,0.17955
130,2016,Zimbabwe,4.193,0.35041,0.18503,0.71478,0.08582
131,2016,Malawi,4.156,0.08709,0.30968,0.147,0.07564
132,2016,Sudan,4.139,0.63069,0.18077,0.81928,0.10039
133,2016,Gabon,4.121,1.15851,0.06244,0.72368,0.09314
134,2016,Mali,4.073,0.31292,0.21064,0.86333,0.13647
135,2016,Haiti,4.028,0.34097,0.47958,0.29561,0.14476
136,2016,Botswana,3.974,1.09426,0.12425,0.89186,0.10769
137,2016,Comoros,3.956,0.27509,0.1827,0.60323,0.18437
138,2016,Ivory Coast,3.916,0.55507,0.20338,0.57576,0.1553
139,2016,Cambodia,3.907,0.55604,0.40339,0.5375,0.08092
140,2016,Angola,3.866,0.84731,0.12071,0.66366,0.08434
141,2016,Niger,3.856,0.1327,0.2097,0.6053,0.17176
142,2016,South Sudan,3.832,0.39394,0.25899,0.18519,0.13015
143,2016,Chad,3.763,0.42214,0.18667,0.63178,0.04952
144,2016,Burkina Faso,3.739,0.31995,0.24353,0.63054,0.12533
145,2016,Uganda,3.739,0.34719,0.27102,0.90981,0.06442
146,2016,Yemen,3.724,0.57939,0.09821,0.47493,0.05892
147,2016,Madagascar,3.695,0.27954,0.2204,0.46115,0.07506
148,2016,Tanzania,3.666,0.47155,0.31472,0.77623,0.05099
149,2016,Liberia,3.622,0.10706,0.24063,0.50353,0.04852
150,2016,Guinea,3.607,0.22415,0.29914,0.3109,0.1192
151,2016,Rwanda,3.515,0.32846,0.23552,0.61586,0.50521
152,2016,Benin,3.484,0.39499,0.2018,0.10419,0.06681
153,2016,Afghanistan,3.36,0.38227,0.31268,0.11037,0.07112
154,2016,Togo,3.303,0.28123,0.17517,0.0,0.11587
155,2016,Syria,3.069,0.74719,0.48397,0.14866,0.17233
156,2016,Burundi,2.905,0.06831,0.2029,0.23442,0.09419
0,2015,Switzerland,7.587,1.39651,0.29678,1.34951,0.41978
1,2015,Iceland,7.561,1.30232,0.4363,1.40223,0.14145
2,2015,Denmark,7.527,1.32548,0.34139,1.36058,0.48357
3,2015,Norway,7.522,1.459,0.34699,1.33095,0.36503
4,2015,Canada,7.427,1.32629,0.45811,1.32261,0.32957
5,2015,Finland,7.406,1.29025,0.23351,1.31826,0.41372
6,2015,Netherlands,7.378,1.32944,0.4761,1.28017,0.31814
7,2015,Sweden,7.364,1.33171,0.36262,1.28907,0.43844
8,2015,New Zealand,7.286,1.25018,0.47501,1.31967,0.42922
9,2015,Australia,7.284,1.33358,0.43562,1.30923,0.35637
10,2015,Israel,7.278,1.22857,0.33172,1.22393,0.07785
11,2015,Costa Rica,7.226,0.95578,0.25497,1.23788,0.10583
12,2015,Austria,7.2,1.33723,0.33088,1.29704,0.18676
13,2015,Mexico,7.187,1.02054,0.14074,0.91451,0.21312
14,2015,United States,7.119,1.39451,0.40105,1.24711,0.1589
15,2015,Brazil,6.983,0.98124,0.14574,1.23287,0.17521
16,2015,Luxembourg,6.946,1.56391,0.28034,1.21963,0.37798
17,2015,Ireland,6.94,1.33596,0.45901,1.36948,0.28703
18,2015,Belgium,6.937,1.30782,0.2225,1.28566,0.2254
19,2015,United Arab Emirates,6.901,1.42727,0.26428,1.12575,0.38583
20,2015,United Kingdom,6.867,1.26637,0.51912,1.28548,0.32067
21,2015,Oman,6.853,1.36011,0.21542,1.08182,0.32524
22,2015,Venezuela,6.81,1.04424,0.05841,1.25596,0.11069
23,2015,Singapore,6.798,1.52186,0.31105,1.02,0.4921
24,2015,Panama,6.786,1.06353,0.24434,1.1985,0.0927
25,2015,Germany,6.75,1.32792,0.28214,1.29937,0.21843
26,2015,Chile,6.67,1.10715,0.33363,1.12447,0.12869
27,2015,Qatar,6.611,1.69042,0.32573,1.0786,0.52208
28,2015,France,6.575,1.27778,0.12332,1.26038,0.20646
29,2015,Argentina,6.574,1.05351,0.11451,1.24823,0.08484
30,2015,Czech Republic,6.505,1.17898,0.10686,1.20643,0.02652
31,2015,Uruguay,6.485,1.06166,0.2324,1.2089,0.24558
32,2015,Colombia,6.477,0.91861,0.18401,1.24018,0.0512
33,2015,Thailand,6.455,0.9669,0.5763,1.26504,0.03187
34,2015,Saudi Arabia,6.411,1.39541,0.13706,1.08393,0.32524
35,2015,Spain,6.329,1.23011,0.18227,1.31379,0.06398
36,2015,Malta,6.302,1.2074,0.51752,1.30203,0.13586
37,2015,Taiwan,6.298,1.29098,0.25376,1.07617,0.08129
38,2015,Kuwait,6.295,1.55422,0.16228,1.16594,0.25609
39,2015,Suriname,6.269,0.99534,0.16991,0.972,0.13633
40,2015,Trinidad and Tobago,6.168,1.21183,0.31844,1.18354,0.0114
41,2015,El Salvador,6.13,0.76454,0.10692,1.02507,0.11776
42,2015,Guatemala,6.123,0.74553,0.27489,1.04356,0.09472
43,2015,Uzbekistan,6.003,0.63244,0.22837,1.34043,0.30826
44,2015,Slovakia,5.995,1.16891,0.16893,1.26999,0.03431
45,2015,Japan,5.987,1.27074,0.10705,1.25712,0.1806
46,2015,South Korea,5.984,1.24461,0.18557,0.95774,0.07857
47,2015,Ecuador,5.975,0.86402,0.11541,0.99903,0.1809
48,2015,Bahrain,5.96,1.32376,0.17362,1.21624,0.306
49,2015,Italy,5.948,1.25114,0.22823,1.19777,0.02901
50,2015,Bolivia,5.89,0.68133,0.20536,0.97841,0.088
51,2015,Moldova,5.889,0.59448,0.20951,1.01528,0.01615
52,2015,Paraguay,5.878,0.75985,0.3424,1.30477,0.08242
53,2015,Kazakhstan,5.855,1.12254,0.11827,1.12241,0.08454
54,2015,Slovenia,5.848,1.18498,0.25328,1.27385,0.03787
55,2015,Lithuania,5.833,1.14723,0.02641,1.25745,0.01031
56,2015,Nicaragua,5.828,0.59325,0.27815,1.14184,0.19317
57,2015,Peru,5.824,0.90019,0.14982,0.97459,0.05989
58,2015,Belarus,5.813,1.03192,0.11046,1.23289,0.1909
59,2015,Poland,5.791,1.12555,0.16759,1.27948,0.04212
60,2015,Malaysia,5.77,1.12486,0.33075,1.07023,0.10501
61,2015,Croatia,5.759,1.08254,0.05444,0.79624,0.0243
62,2015,Libya,5.754,1.13145,0.18295,1.11862,0.11023
63,2015,Russia,5.716,1.13764,0.00199,1.23617,0.03005
64,2015,Jamaica,5.709,0.81038,0.2123,1.15102,0.02299
65,2015,North Cyprus,5.695,1.20806,0.26169,1.07008,0.1428
66,2015,Cyprus,5.689,1.20813,0.30638,0.89318,0.06146
67,2015,Algeria,5.605,0.93929,0.07822,1.07772,0.17383
68,2015,Kosovo,5.589,0.80148,0.2831,0.81198,0.04741
69,2015,Turkmenistan,5.548,0.95847,0.16979,1.22668,0.30844
70,2015,Mauritius,5.477,1.00761,0.37744,0.98521,0.07521
71,2015,Hong Kong,5.474,1.38604,0.39478,1.05818,0.37124
72,2015,Estonia,5.429,1.15174,0.0868,1.22791,0.15184
73,2015,Indonesia,5.399,0.82827,0.51535,1.08708,0.0
74,2015,Vietnam,5.36,0.63216,0.1686,0.91226,0.10441
75,2015,Turkey,5.332,1.06098,0.12253,0.94632,0.15746
76,2015,Kyrgyzstan,5.286,0.47428,0.3003,1.15115,0.04232
77,2015,Nigeria,5.268,0.65435,0.27233,0.90432,0.0403
78,2015,Bhutan,5.253,0.77042,0.47998,1.10395,0.15445
79,2015,Azerbaijan,5.212,1.02389,0.07799,0.93793,0.16065
80,2015,Pakistan,5.194,0.59543,0.33671,0.41411,0.10464
81,2015,Jordan,5.192,0.90198,0.11053,1.05392,0.14293
82,2015,Montenegro,5.192,0.97438,0.1614,0.90557,0.14296
83,2015,China,5.14,0.89012,0.08185,0.94675,0.02781
84,2015,Zambia,5.129,0.47038,0.19591,0.91612,0.12468
85,2015,Romania,5.124,1.04345,0.13748,0.88588,0.00649
86,2015,Serbia,5.123,0.92053,0.19231,1.00964,0.02617
87,2015,Portugal,5.102,1.15991,0.13719,1.13935,0.01078
88,2015,Latvia,5.098,1.11312,0.18226,1.09562,0.06332
89,2015,Philippines,5.073,0.70532,0.24991,1.03516,0.12279
90,2015,Somaliland region,5.057,0.18847,0.50318,0.95152,0.39928
91,2015,Morocco,5.013,0.73479,0.07172,0.64095,0.08546
92,2015,Macedonia,5.007,0.91851,0.22359,1.00232,0.05327
93,2015,Mozambique,4.971,0.08308,0.22269,1.02626,0.15603
94,2015,Albania,4.959,0.87867,0.14272,0.80434,0.06413
95,2015,Bosnia and Herzegovina,4.949,0.83223,0.24808,0.91916,0.00227
96,2015,Lesotho,4.898,0.37545,0.16388,1.04103,0.12504
97,2015,Dominican Republic,4.885,0.89537,0.21684,1.17202,0.14234
98,2015,Laos,4.876,0.59066,0.42192,0.73803,0.24249
99,2015,Mongolia,4.874,0.82819,0.3323,1.3006,0.02666
100,2015,Swaziland,4.867,0.71206,0.18259,1.07284,0.0306
101,2015,Greece,4.857,1.15406,0.0,0.92933,0.01397
102,2015,Lebanon,4.839,1.02564,0.21854,0.80001,0.04582
103,2015,Hungary,4.8,1.12094,0.128,1.20215,0.02758
104,2015,Honduras,4.788,0.59532,0.23027,0.95348,0.06825
105,2015,Tajikistan,4.786,0.39047,0.22974,0.85563,0.15072
106,2015,Tunisia,4.739,0.88113,0.06431,0.60429,0.06358
107,2015,Palestinian Territories,4.715,0.59867,0.11251,0.92558,0.12905
108,2015,Bangladesh,4.694,0.39753,0.21222,0.43106,0.12569
109,2015,Iran,4.686,1.0088,0.38086,0.54447,0.05863
110,2015,Ukraine,4.681,0.79907,0.15275,1.20278,0.02961
111,2015,Iraq,4.677,0.98549,0.17922,0.81889,0.13788
112,2015,South Africa,4.642,0.92049,0.11973,1.18468,0.08884
113,2015,Ghana,4.633,0.54558,0.23087,0.67954,0.04355
114,2015,Zimbabwe,4.61,0.271,0.18987,1.03276,0.08079
115,2015,Liberia,4.571,0.0712,0.24362,0.78968,0.06232
116,2015,India,4.565,0.64499,0.26475,0.38174,0.08492
117,2015,Sudan,4.55,0.52107,0.19062,1.01404,0.1466
118,2015,Haiti,4.518,0.26673,0.46187,0.74302,0.17175
119,2015,Congo (Kinshasa),4.517,0.0,0.24834,1.0012,0.07625
120,2015,Nepal,4.514,0.35997,0.32296,0.86449,0.05907
121,2015,Ethiopia,4.512,0.19073,0.24325,0.60406,0.15048
122,2015,Sierra Leone,4.507,0.33024,0.21488,0.95571,0.08786
123,2015,Mauritania,4.436,0.45407,0.219,0.86908,0.17461
124,2015,Kenya,4.419,0.36471,0.37542,0.99876,0.05839
125,2015,Djibouti,4.369,0.44025,0.18093,0.59207,0.28105
126,2015,Armenia,4.35,0.76821,0.07855,0.77711,0.039
127,2015,Botswana,4.332,0.99355,0.10461,1.10464,0.12474
128,2015,Myanmar,4.307,0.27108,0.79588,0.70905,0.19034
129,2015,Georgia,4.297,0.7419,0.05547,0.38562,0.38331
130,2015,Malawi,4.292,0.01604,0.33128,0.41134,0.06977
131,2015,Sri Lanka,4.271,0.83524,0.40828,1.01905,0.09179
132,2015,Cameroon,4.252,0.4225,0.20618,0.88767,0.05786
133,2015,Bulgaria,4.218,1.01216,0.11921,1.10614,0.00872
134,2015,Egypt,4.194,0.8818,0.11291,0.747,0.06324
135,2015,Yemen,4.077,0.54649,0.09131,0.68093,0.07854
136,2015,Angola,4.033,0.75778,0.12344,0.8604,0.07122
137,2015,Mali,3.995,0.26074,0.18798,1.03526,0.12352
138,2015,Congo (Brazzaville),3.989,0.67866,0.12388,0.6629,0.11686
139,2015,Comoros,3.956,0.23906,0.17441,0.79273,0.199
140,2015,Uganda,3.931,0.21102,0.29066,1.13299,0.07267
141,2015,Senegal,3.904,0.36498,0.20843,0.97619,0.10713
142,2015,Gabon,3.896,1.06024,0.06822,0.90528,0.11091
143,2015,Niger,3.845,0.0694,0.19387,0.77265,0.15639
144,2015,Cambodia,3.819,0.46038,0.40359,0.62736,0.07247
145,2015,Tanzania,3.781,0.2852,0.34377,1.00268,0.05747
146,2015,Madagascar,3.681,0.20824,0.21333,0.66801,0.08124
147,2015,Central African Republic,3.678,0.0785,0.23835,0.0,0.08289
148,2015,Chad,3.667,0.34193,0.18386,0.76062,0.05269
149,2015,Guinea,3.656,0.17417,0.28657,0.46475,0.12139
150,2015,Ivory Coast,3.655,0.46534,0.20165,0.77115,0.17922
151,2015,Burkina Faso,3.587,0.25812,0.21747,0.85188,0.12832
152,2015,Afghanistan,3.575,0.31982,0.3651,0.30285,0.09719
153,2015,Rwanda,3.465,0.22208,0.22628,0.7737,0.55191
154,2015,Benin,3.34,0.28665,0.1826,0.35386,0.0801
155,2015,Syria,3.006,0.6632,0.47179,0.47489,0.18906
156,2015,Burundi,2.905,0.0153,0.19727,0.41587,0.10062
157,2015,Togo,2.839,0.20868,0.16681,0.13995,0.10731
