Year,country,ladder_score,gdp_per_capita,generosity,social_support,corruption
2019,Morocco,5.208,0.801,0.036,0.782,0.076
2023,Panama,6.265,10.305,-0.133,0.896,0.878
2020,Jamaica,5.889800072,9.006250381,-0.125106767,0.915701866,0.888890028
2020,Jordan,4.633399963,9.025999069,-0.162565202,0.80216372,0.700344324
2022,Malaysia,5.711,,,,
2022,Kyrgyzstan,5.828,,,,
2023,Thailand,5.843,9.751,0.289,0.874,0.910
2020,Zambia,3.759399891,8.224720001,0.078037128,0.698824465,0.801289678
2021,Israel,7.157,10.575,0.031,0.939,0.753
2019,Luxembourg,7.090,1.609,0.194,1.479,0.316
2023,Congo (Brazzaville),5.267,8.095,-0.004,0.605,0.739
2019,Somalia,4.668,0.000,0.243,0.698,0.270
2020,Botswana,3.478899956,9.711203575,-0.250394493,0.779121757,0.777930915
2023,Lithuania,6.763,10.568,-0.145,0.939,0.805
2019,Lithuania,6.149,1.238,0.043,1.515,0.042
2023,Turkiye,4.614,10.307,-0.077,0.796,0.795
2021,Slovakia,6.331,10.369,-0.124,0.936,0.911
2023,China,5.818,9.738,-0.041,0.836,0.727
2023,Singapore,6.587,11.571,0.063,0.878,0.146
2020,Niger,4.909599781,6.842166901,0.013860817,0.617435038,0.722530186
2020,Rwanda,3.312299967,7.600104332,0.055483952,0.54083544,0.183541179
2022,Slovakia,6.391,,,,
2020,Costa Rica,7.121399879,9.658156395,-0.10242971,0.901545942,0.786332428
2021,Madagascar,4.208,7.396,-0.005,0.686,0.803
2019,Brazil,6.300,1.004,0.099,1.439,0.086
2020,Armenia,4.676799774,9.100476265,-0.13877961,0.757479429,0.773544788
2019,Tunisia,4.461,0.921,0.059,1.000,0.055
2019,Latvia,5.940,1.187,0.075,1.465,0.064
2019,Mali,4.390,0.385,0.153,1.105,0.052
2021,Vietnam,5.411,8.973,-0.098,0.85,0.796
2023,Israel,7.473,10.639,-0.023,0.943,0.708
2020,Ireland,7.093699932,11.16097832,0.145784974,0.942081571,0.357184172
2020,Ghana,5.147999763,8.350645065,0.094170853,0.728601098,0.847964764
2020,China,5.123899937,9.688568115,-0.18142575,0.798760593,0.7539711
2021,Nigeria,4.759,8.533,0.037,0.74,0.878
2022,Sweden,7.384,,,,
2021,Tanzania,3.623,7.876,0.183,0.702,0.577
2019,Canada,7.278,1.365,0.285,1.505,0.308
2019,New Zealand,7.307,1.303,0.330,1.557,0.380
2023,Armenia,5.342,9.615,-0.155,0.790,0.705
2021,Germany,7.155,10.873,0.011,0.903,0.46
2020,Senegal,4.980800152,8.118982315,-0.052335154,0.723616004,0.808785141
2021,Italy,6.483,10.623,-0.084,0.88,0.866
2019,Palestinian Territories,4.696,0.657,0.103,1.247,0.066
2022,Jordan,4.152,,,,
2020,Nepal,5.137199879,7.925357342,0.154168829,0.785512447,0.738099158
2019,Malta,6.726,1.300,0.375,1.520,0.151
2023,Afghanistan,1.859,7.324,-0.081,0.341,0.847
2021,Portugal,5.929,10.421,-0.244,0.879,0.887
2021,Burkina Faso,4.834,7.678,-0.009,0.672,0.748
2021,Myanmar,4.426,8.541,0.509,0.779,0.66
2021,Serbia,6.078,9.787,0.002,0.873,0.835
2022,Rwanda*,3.268,,,,
2023,Vietnam,5.763,9.287,-0.004,0.821,0.759
2019,Azerbaijan,5.208,1.043,0.035,1.147,0.182
2022,Colombia,5.781,,,,
2020,Hong Kong S.A.R. of China,5.510399818,10.9346714,0.134979904,0.845969081,0.420607209
2019,Madagascar,3.933,0.274,0.169,0.916,0.041
2021,Benin,5.045,8.087,-0.034,0.489,0.661
2021,Iraq,4.854,9.24,-0.053,0.746,0.875
2023,Denmark,7.586,10.962,0.134,0.954,0.196
2021,Thailand,5.985,9.805,0.287,0.888,0.895
2020,Panama,6.304800034,10.03423405,-0.153927714,0.902094483,0.851588905
2019,Swaziland,4.212,0.811,0.074,1.149,0.135
2023,Japan,6.129,10.616,-0.237,0.894,0.640
2019,Lesotho,3.802,0.489,0.107,1.169,0.093
2021,Luxembourg,7.324,11.647,-0.034,0.908,0.386
2020,Sweden,7.353499889,10.75879383,0.111614622,0.926311195,0.250880182
2022,Bolivia,5.600,,,,
2019,Australia,7.228,1.372,0.332,1.548,0.290
2022,Laos,5.140,,,,
2022,Congo,5.075,,,,
2020,Germany,7.075799942,10.7328186,0.080179386,0.898874462,0.456422031
2022,Finland,7.821,,,,
2020,Belarus,5.539899826,9.779945374,-0.164926544,0.90674746,0.63571167
2022,France,6.687,,,,
2023,Egypt,4.170,9.367,-0.183,0.726,0.580
2020,Philippines,6.006000042,8.993545532,-0.105463006,0.846730053,0.733634114
2019,Panama,6.321,1.149,0.109,1.442,0.054
2022,Kuwait*,6.106,,,,
2019,Gambia,4.516,0.308,0.269,0.939,0.167
2022,Croatia,6.125,,,,
2019,Sierra Leone,4.374,0.268,0.252,0.841,0.045
2019,Czech Republic,6.852,1.269,0.046,1.487,0.036
2021,Chad,4.355,7.364,0.041,0.619,0.807
2023,Tajikistan,5.330,8.237,-0.060,0.836,0.522
2021,Haiti,3.615,7.477,0.422,0.54,0.721
2023,Togo,4.137,7.673,0.024,0.595,0.740
2020,Russia,5.546000004,10.12887192,-0.151153743,0.903150737,0.864802599
2020,Mexico,6.465000153,9.797797203,-0.175266623,0.838665426,0.806821585
2020,Gambia,4.750599861,7.321814537,0.343198717,0.6931687,0.690717816
2020,Finland,7.808700085,10.63926697,-0.059482019,0.954329729,0.195444584
2020,Guinea,4.949299812,7.750990391,0.076328471,0.637573481,0.761794448
2022,Kazakhstan,6.234,,,,
2023,Guatemala,6.150,9.116,-0.057,0.812,0.837
2019,Italy,6.223,1.294,0.158,1.488,0.030
2020,Latvia,5.949999809,10.17531967,-0.186888844,0.918288589,0.795580089
2023,Cyprus,6.130,10.611,-0.060,0.826,0.860
2020,Estonia,6.021800041,10.34001732,-0.111697771,0.934729993,0.623073816
2020,Iraq,4.784800053,9.661095619,-0.06956476,0.747694969,0.82226181
2020,Ivory Coast,5.233300209,8.225561142,-0.043991156,0.658048689,0.790771961
2020,Malaysia,5.384300232,10.26251888,0.114726797,0.816509426,0.839302301
2019,Slovakia,6.198,1.246,0.121,1.504,0.014
2019,Chile,6.444,1.159,0.187,1.369,0.056
2020,Ethiopia,4.186200142,7.509385586,0.043377332,0.743307352,0.753690004
2019,Mozambique,4.466,0.204,0.197,0.986,0.138
2021,Swaziland,4.308,9.065,-0.185,0.77,0.708
2022,Pakistan,4.516,,,,
2021,Jordan,4.395,9.182,-0.167,0.767,0.705
2020,Tunisia,4.392199993,9.314972878,-0.216413811,0.688718557,0.867590249
2023,Liberia,4.042,7.277,0.154,0.596,0.830
2021,Burundi,3.775,6.635,-0.024,0.49,0.607
2019,South Korea,5.895,1.301,0.175,1.219,0.056
2023,Australia,7.095,10.821,0.198,0.934,0.496
2020,South Sudan,2.816600084,7.425359726,0.016518548,0.553707123,0.763417304
2020,Central African Republic,3.475899935,6.625160217,0.082410358,0.319459856,0.891806662
2021,Peru,5.84,9.458,-0.154,0.832,0.891
2022,Ethiopia,4.241,,,,
2020,Sri Lanka,4.327000141,9.389969826,0.081129618,0.825374067,0.859001756
2022,Georgia,4.973,,,,
2023,Kosovo,6.368,9.359,0.259,0.844,0.866
2021,Senegal,5.132,8.118,-0.046,0.71,0.801
2023,Poland,6.260,10.453,-0.031,0.925,0.736
2019,Pakistan,5.653,0.677,0.220,0.886,0.098
2022,Jamaica,5.850,,,,
2020,Chile,6.228499889,10.0320549,-0.065668367,0.879713595,0.838239431
2023,Nicaragua,6.259,8.618,0.021,0.853,0.625
2022,Greece,5.948,,,,
2022,New Zealand,7.200,,,,
2022,Benin,4.623,,,,
2023,Ivory Coast,5.053,8.576,0.003,0.572,0.746
2022,Albania,5.199,,,,
2021,Japan,5.94,10.611,-0.258,0.884,0.638
2021,Turkmenistan,5.066,9.629,0.273,0.983,0.888
2022,Italy,6.467,,,,
2020,Portugal,5.910900116,10.26374245,-0.220714301,0.886590719,0.892629504
2019,Mexico,6.595,1.070,0.074,1.323,0.073
2021,Liberia,4.625,7.288,0.05,0.72,0.85
2019,Nicaragua,6.105,0.694,0.200,1.325,0.127
2023,Gabon,5.035,9.537,-0.187,0.746,0.786
2019,Cyprus,6.046,1.263,0.190,1.223,0.041
2019,Burundi,3.775,0.046,0.176,0.447,0.180
2019,Senegal,4.681,0.450,0.153,1.134,0.072
2019,Slovenia,6.118,1.258,0.144,1.523,0.057
2021,Russia,5.477,10.189,-0.111,0.903,0.845
2019,Congo (Brazzaville),4.812,0.673,0.105,0.799,0.093
2021,Bahrain,6.647,10.669,0.089,0.862,0.722
2019,Turkey,5.373,1.183,0.083,1.360,0.106
2022,Guatemala*,6.262,,,,
2023,Guinea,5.072,7.880,0.125,0.649,0.787
2021,Ivory Coast,5.306,8.551,-0.016,0.644,0.794
2022,Serbia,6.178,,,,
2023,Jordan,4.120,9.130,-0.150,0.729,0.687
2023,Greece,5.931,10.288,-0.240,0.835,0.793
2020,Swaziland,4.308100224,9.16267395,-0.19920142,0.770290196,0.708263338
2023,North Macedonia,5.254,9.703,0.131,0.805,0.902
2022,Chile,6.172,,,,
2019,Moldova,5.529,0.685,0.181,1.328,0.000
2019,Portugal,5.693,1.221,0.047,1.431,0.025
2019,Hungary,5.758,1.201,0.081,1.410,0.020
2021,Uganda,4.636,7.677,0.122,0.781,0.855
2022,Latvia,6.180,,,,
2019,United States,6.892,1.433,0.280,1.457,0.128
2020,Czech Republic,6.910900116,10.40416336,-0.230861515,0.914430678,0.85844624
2022,Zambia,3.760,,,,
2022,Bahrain,6.647,,,,
2021,Hong Kong S.A.R. of China,5.477,11,0.067,0.836,0.403
2022,Netherlands,7.415,,,,
2019,Taiwan,6.446,1.368,0.242,1.430,0.097
2020,Chad,4.422699928,7.467963696,0.017834719,0.632388055,0.802760839
2019,Sri Lanka,4.366,0.949,0.244,1.265,0.047
2020,Bahrain,6.227300167,10.67638016,0.13372919,0.876342118,0.7393471
2022,Togo,4.112,,,,
2019,Ivory Coast,4.944,0.569,0.154,0.808,0.090
2023,Belgium,6.859,10.844,0.001,0.915,0.549
2022,Denmark,7.636,,,,
2023,Mozambique,4.954,7.116,0.047,0.692,0.660
2020,Pakistan,5.69329977,8.482727051,0.04489987,0.689062297,0.745705426
2020,Honduras,5.953199863,8.424534798,0.086969115,0.821870148,0.801131904
2019,Kazakhstan,5.809,1.173,0.146,1.508,0.096
2019,Venezuela,4.707,0.960,0.064,1.427,0.047
2019,Hong Kong,5.430,1.438,0.258,1.277,0.287
2022,Austria,7.163,,,,
2020,Burundi,3.775300026,6.492642403,-0.017551597,0.490325719,0.606934547
2020,Congo (Kinshasa),4.31099987,6.694256306,0.083637655,0.672159016,0.809403598
2022,Vietnam,5.485,,,,
2023,Ecuador,5.559,9.270,-0.108,0.806,0.833
2022,Germany,7.034,,,,
2021,Tajikistan,5.466,8.091,-0.056,0.86,0.553
2022,United Kingdom,6.943,,,,
2022,Uruguay,6.474,,,,
2019,Belgium,6.923,1.356,0.160,1.504,0.210
2019,Northern Cyprus,5.718,1.263,0.191,1.252,0.162
2022,Bangladesh,5.155,,,,
2019,Albania,4.719,0.947,0.178,0.848,0.027
2020,Haiti,3.720799923,7.411329269,0.40053457,0.593247831,0.684767246
2019,Iceland,7.494,1.380,0.354,1.624,0.118
2020,Vietnam,5.353499889,8.809545517,-0.094533332,0.849987149,0.79642123
2020,Liberia,4.557899952,7.054380417,0.04227322,0.70928055,0.856375933
2023,United States,6.894,11.048,0.137,0.919,0.689
2021,Kosovo,6.372,9.318,0.257,0.821,0.917
2021,Sweden,7.363,10.867,0.086,0.934,0.237
2020,Saudi Arabia,6.406499863,10.79781246,-0.168695062,0.874067068,0.682619512
2020,Uruguay,6.440100193,9.948192596,-0.101103112,0.92281127,0.635994136
2022,Cambodia,4.640,,,,
2022,Cyprus,6.221,,,,
2022,Ukraine,5.084,,,,
2023,Iraq,4.941,9.098,-0.005,0.718,0.876
2019,Nigeria,5.265,0.696,0.215,1.111,0.041
2022,Iran,4.888,,,,
2021,Honduras,5.919,8.648,0.081,0.812,0.809
2020,Kuwait,6.102099895,11.08982468,-0.100184701,0.846475244,0.760849059
2020,Tajikistan,5.555699825,8.024810791,-0.025088511,0.835297108,0.592076063
2020,Bolivia,5.747499943,8.851115227,-0.09168113,0.803108692,0.822606206
2022,United States,6.977,,,,
2020,Netherlands,7.448900223,10.81271172,0.20761244,0.93913883,0.364717126
2022,Russia,5.459,,,,
2022,Azerbaijan*,5.173,,,,
2023,South Korea,5.951,10.693,-0.046,0.812,0.701
2019,Congo (Kinshasa),4.418,0.094,0.212,1.125,0.053
2019,Germany,6.985,1.373,0.261,1.454,0.265
2019,Finland,7.769,1.340,0.153,1.587,0.393
2021,Malaysia,5.384,10.238,0.125,0.817,0.839
2022,Mali,4.479,,,,
2023,Norway,7.315,11.088,0.141,0.943,0.283
2023,Zimbabwe,3.204,7.641,-0.046,0.690,0.766
2019,United Kingdom,7.054,1.333,0.348,1.538,0.278
2021,Ghana,5.088,8.58,0.123,0.727,0.848
2023,Serbia,6.144,9.854,0.204,0.873,0.816
2022,Nicaragua,6.165,,,,
2022,Romania,6.477,,,,
2021,Gabon,4.852,9.603,-0.2,0.776,0.84
2021,Bangladesh,5.025,8.454,-0.041,0.693,0.682
2023,France,6.661,10.701,-0.100,0.909,0.553
2022,Mozambique,5.048,,,,
2020,Switzerland,7.559899807,10.97993279,0.105911039,0.942846596,0.303728431
2020,Sierra Leone,3.926399946,7.26880312,0.088660747,0.636142015,0.861330688
2023,Myanmar,4.372,8.404,0.491,0.787,0.658
2019,Trinidad & Tobago,6.192,1.231,0.185,1.477,0.016
2023,Canada,6.961,10.773,0.153,0.929,0.420
2021,Hungary,5.992,10.358,-0.186,0.943,0.876
2021,Azerbaijan,5.171,9.569,-0.223,0.836,0.506
2019,Ecuador,6.028,0.912,0.126,1.312,0.087
2020,Ukraine,4.56069994,9.010690689,-0.030933706,0.878879368,0.920636714
2023,Morocco,4.903,8.973,-0.231,0.553,0.811
2022,El Salvador,6.120,,,,
2020,New Zealand,7.299600124,10.50094318,0.191598073,0.949118972,0.22113885
2019,South Africa,4.722,0.960,0.130,1.351,0.055
2021,Yemen,3.658,7.578,-0.147,0.832,0.8
2020,Paraguay,5.692100048,9.389982224,0.007997713,0.898727894,0.834788501
2020,Luxembourg,7.237500191,11.45068073,-0.004620588,0.906912208,0.367084295
2022,Egypt,4.288,,,,
2020,Namibia,4.571100235,9.203141212,-0.18530646,0.846880972,0.851449788
2021,Cyprus,6.223,10.576,-0.015,0.802,0.844
2023,Dominican Republic,5.569,9.811,-0.099,0.827,0.657
2023,Congo (Kinshasa),3.207,7.007,0.086,0.652,0.834
2021,Singapore,6.377,11.488,-0.018,0.915,0.082
2020,Libya,5.488800049,9.789815903,-0.085054487,0.825942934,0.668779135
2023,Estonia,6.455,10.541,0.032,0.946,0.409
2022,Belarus*,5.821,,,,
2021,Namibia,4.574,9.161,-0.149,0.818,0.847
2023,Nigeria,4.981,8.496,0.073,0.740,0.911
2020,Tanzania,3.476200104,7.967665195,0.109668687,0.688933194,0.619799435
2021,Brazil,6.33,9.577,-0.071,0.882,0.756
2023,Bulgaria,5.466,10.087,-0.057,0.918,0.911
2023,Kyrgyzstan,5.825,8.486,0.181,0.911,0.904
2020,Bosnia and Herzegovina,5.674099922,9.455817223,0.098274559,0.829204142,0.933769107
2020,Malta,6.772799969,10.53383827,0.214965805,0.93037951,0.658547282
2022,Luxembourg*,7.404,,,,
2019,Argentina,6.086,1.092,0.066,1.432,0.050
2019,Croatia,5.432,1.155,0.119,1.266,0.022
2020,Georgia,4.672599792,9.226100922,-0.22892037,0.629033029,0.665944695
2021,Botswana,3.467,9.782,-0.246,0.784,0.801
2023,Luxembourg,7.228,11.660,0.024,0.879,0.345
2020,Togo,4.187200069,7.357711315,0.002667875,0.551312625,0.757733464
2023,Romania,6.589,10.339,-0.172,0.848,0.929
2019,Bhutan,5.082,0.813,0.370,1.321,0.167
2020,Lebanon,4.771500111,9.3617239,-0.06121527,0.824338138,0.90225625
2022,Tunisia,4.516,,,,
2019,Burkina Faso,4.587,0.331,0.177,1.056,0.113
2021,Libya,5.41,9.622,-0.087,0.827,0.667
2020,Trinidad and Tobago,6.191899776,10.26000214,0.000526841,0.91529417,0.912230611
2021,Philippines,5.88,9.076,-0.097,0.83,0.742
2021,Rwanda,3.415,7.676,0.061,0.552,0.167
2021,Croatia,5.882,10.217,-0.118,0.924,0.939
2019,Greece,5.287,1.181,0.000,1.156,0.034
2020,Uganda,4.43200016,7.500389576,0.099487431,0.764994621,0.836737812
2019,Bulgaria,5.011,1.092,0.081,1.513,0.004
2019,Singapore,6.262,1.572,0.271,1.463,0.453
2021,Nepal,5.269,8.12,0.152,0.774,0.727
2021,Maldives,5.198,9.826,0.024,0.913,0.825
2022,Israel,7.364,,,,
2023,Moldova,5.819,9.499,-0.080,0.857,0.901
2019,Algeria,5.211,1.002,0.073,1.160,0.114
2022,Nepal,5.377,,,,
2023,Croatia,6.125,10.341,-0.093,0.917,0.925
2020,Maldives,5.197599888,9.518632889,0.038085498,0.91316092,0.824211061
2022,Guinea,4.891,,,,
2022,Mexico,6.128,,,,
2023,Ethiopia,4.091,7.739,0.273,0.782,0.789
2021,Kuwait,6.106,10.817,-0.104,0.843,0.736
2022,Japan,6.039,,,,
2021,Guinea,4.984,7.838,0.095,0.639,0.766
2023,Slovakia,6.469,10.353,-0.016,0.953,0.898
2019,Ghana,4.996,0.611,0.245,0.868,0.040
2021,Belgium,6.834,10.823,-0.153,0.906,0.646
2022,Yemen*,4.197,,,,
2019,Armenia,4.559,0.850,0.095,1.055,0.064
2019,Dominican Republic,5.425,1.015,0.113,1.401,0.101
2022,Australia,7.162,,,,
2020,Austria,7.294199944,10.7428236,0.085429221,0.928045869,0.499954879
2020,Norway,7.487999916,11.08780384,0.13453263,0.952486575,0.263218194
2021,Finland,7.842,10.775,-0.098,0.954,0.186
2022,Algeria,5.122,,,,
2023,Mauritius,5.902,9.957,-0.028,0.888,0.775
2022,Czechia,6.920,,,,
2023,United Arab Emirates,6.571,11.145,0.096,0.826,0.584
2023,Czechia,6.845,10.611,0.040,0.953,0.859
2022,Venezuela,4.925,,,,
2022,Panama,6.309,,,,
2022,Senegal,5.046,,,,
2023,Netherlands,7.403,10.942,0.213,0.930,0.379
2019,Laos,4.796,0.764,0.266,1.030,0.164
2019,North Macedonia,5.274,0.983,0.185,1.294,0.034
2019,Jamaica,5.890,0.831,0.107,1.478,0.028
2022,Botswana*,3.471,,,,
2021,Poland,6.166,10.382,-0.165,0.898,0.735
2022,Kosovo,6.455,,,,
2021,France,6.69,10.704,-0.147,0.942,0.571
2020,Australia,7.222799778,10.72059631,0.19046016,0.944854617,0.41516912
2021,Togo,4.107,7.362,0.032,0.569,0.772
2022,Uganda,4.603,,,,
2021,Estonia,6.189,10.481,-0.106,0.941,0.527
2023,State of Palestine,4.908,8.716,-0.132,0.859,0.836
2019,South Sudan,2.853,0.306,0.202,0.575,0.091
2020,Peru,5.796800137,9.456313133,-0.16238822,0.831075251,0.893714964
2023,Mexico,6.330,9.850,-0.094,0.804,0.768
2023,Bolivia,5.684,8.985,-0.063,0.811,0.846
2019,Qatar,6.374,1.684,0.220,1.313,0.167
2023,Malaysia,6.012,10.169,0.160,0.799,0.758
2020,Canada,7.23210001,10.69236851,0.124770768,0.927176654,0.390843362
2022,Tanzania,3.702,,,,
2021,United Arab Emirates,6.561,11.085,0.074,0.844,0.589
2019,Yemen,3.380,0.287,0.108,1.163,0.077
2020,Denmark,7.645599842,10.77400112,0.066201776,0.955990791,0.168489456
2022,Costa Rica,6.582,,,,
2019,Bolivia,5.779,0.776,0.137,1.209,0.064
2020,Iceland,7.504499912,10.77255917,0.246944219,0.974669576,0.711709738
2022,Libya*,5.330,,,,
2019,Benin,4.883,0.393,0.175,0.437,0.082
2019,Austria,7.246,1.376,0.244,1.475,0.226
2022,Bulgaria,5.371,,,,
2019,Honduras,5.860,0.642,0.246,1.236,0.078
2020,Israel,7.128600121,10.41752529,0.10259372,0.913571239,0.78085506
2019,Serbia,5.603,1.004,0.137,1.383,0.039
2022,Dominican Republic,5.737,,,,
2021,Colombia,6.012,9.557,-0.135,0.847,0.841
2021,Malta,6.602,10.674,0.133,0.931,0.653
2022,North Cyprus*,5.467,,,,
2023,Hong Kong S.A.R. of China,5.308,10.966,-0.026,0.817,0.385
2020,Mauritania,4.374599934,8.233919144,-0.106008142,0.790819228,0.746223509
2021,Australia,7.183,10.796,0.159,0.94,0.442
2020,Cambodia,4.848400116,8.249890327,0.051911179,0.773080647,0.822769046
2022,North Macedonia,5.199,,,,
2019,Togo,4.085,0.275,0.177,0.572,0.085
2021,South Korea,5.845,10.651,-0.083,0.799,0.727
2019,Georgia,4.519,0.886,0.043,0.666,0.164
2023,Kazakhstan,6.144,10.166,0.000,0.931,0.721
2019,Cameroon,5.044,0.549,0.187,0.910,0.037
2020,Venezuela,5.053199768,8.977793694,-0.169090509,0.890408158,0.837038398
2021,Lesotho,3.512,7.926,-0.131,0.787,0.915
2021,Congo (Brazzaville),5.342,8.117,-0.068,0.636,0.745
2023,Chile,6.334,10.114,-0.011,0.889,0.823
2022,Turkmenistan*,5.474,,,,
2020,Cameroon,5.084899902,8.118647575,-0.00149645,0.700386405,0.851336598
2022,South Africa,5.194,,,,
2022,Montenegro,5.547,,,,
2023,Taiwan Province of China,6.535,10.797,-0.129,0.884,0.681
2020,South Korea,5.872399807,10.51056671,-0.043404032,0.799387157,0.789067447
2020,Belgium,6.863500118,10.6736393,-0.078691199,0.911632538,0.612297952
2019,Norway,7.554,1.488,0.271,1.582,0.341
2021,Sierra Leone,3.849,7.434,0.084,0.63,0.866
2019,Cambodia,4.700,0.574,0.232,1.122,0.062
2020,Comoros,4.288599968,7.833630085,0.090008408,0.625662446,0.780622602
2023,Malawi,3.495,7.302,0.005,0.531,0.749
2020,Morocco,5.094799995,8.940313339,-0.240377247,0.592628479,0.815724611
2020,Myanmar,4.308000088,8.680481911,0.560663998,0.78440702,0.645124316
2020,Montenegro,5.54610014,9.751860619,-0.075600356,0.855314612,0.783121586
2021,Pakistan,4.934,8.458,0.098,0.651,0.787
2022,"Eswatini, Kingdom of*",4.396,,,,
2023,Hungary,6.041,10.419,-0.059,0.943,0.839
2021,Jamaica,6.309,9.186,-0.137,0.877,0.884
2023,Chad,4.397,7.261,0.221,0.722,0.807
2021,North Cyprus,5.536,10.576,0.012,0.82,0.626
2020,Croatia,5.504700184,10.07087517,-0.128538325,0.874623716,0.916495264
2022,Canada,7.025,,,,
2021,Palestinian Territories,4.517,8.485,-0.163,0.826,0.821
2022,Malawi,3.750,,,,
2020,Azerbaijan,5.164800167,9.687726974,-0.240255281,0.819308281,0.55253756
2020,Cyprus,6.15899992,10.40570259,0.043731496,0.805996239,0.856271744
2021,Kenya,4.607,8.361,0.287,0.688,0.825
2023,Montenegro,5.722,9.813,0.063,0.890,0.844
2021,Bosnia and Herzegovina,5.813,9.59,0.113,0.87,0.931
2021,Algeria,4.887,9.342,-0.067,0.802,0.752
2023,Benin,4.374,8.103,-0.043,0.437,0.576
2019,Peru,5.697,0.960,0.083,1.274,0.027
2021,Tunisia,4.596,9.266,-0.201,0.691,0.87
2019,Vietnam,5.175,0.741,0.147,1.346,0.073
2021,Uzbekistan,6.179,8.836,0.311,0.918,0.515
2020,Malawi,3.538000107,7.062226295,0.021433279,0.544007301,0.731700778
2022,Estonia,6.341,,,,
2020,Albania,4.882699966,9.417930603,-0.042309489,0.671070457,0.896303713
2020,Greece,5.514999866,10.13232613,-0.300907373,0.814380348,0.859931409
2022,Moldova,5.857,,,,
2019,Libya,5.525,1.044,0.133,1.303,0.152
2022,South Korea,5.935,,,,
2023,Italy,6.405,10.634,-0.074,0.882,0.842
2021,Comoros,4.289,8.031,0.082,0.626,0.781
2019,Iraq,4.437,1.043,0.148,0.980,0.089
2023,Georgia,5.109,9.646,-0.254,0.716,0.649
2021,Norway,7.392,11.053,0.093,0.954,0.27
2023,Niger,4.501,7.091,0.032,0.590,0.734
2020,Ecuador,5.925199986,9.246058464,-0.127014965,0.836418986,0.801215112
2020,Turkmenistan,5.119100094,9.74803257,0.187671542,0.958966196,0.883691847
2021,Kyrgyzstan,5.744,8.538,0.119,0.893,0.908
2022,Philippines,5.904,,,,
2019,Ireland,7.021,1.499,0.298,1.553,0.310
2022,Peru,5.559,,,,
2023,Madagascar,4.019,7.290,0.075,0.650,0.742
2023,New Zealand,7.123,10.662,0.175,0.952,0.271
2019,Mongolia,5.285,0.948,0.235,1.531,0.038
2020,Nigeria,4.724100113,8.57662487,0.033745807,0.73721689,0.861874342
2020,Madagascar,4.165599823,7.281685829,-0.011823639,0.668195903,0.817485631
2022,Chad*,4.251,,,,
2023,Laos,5.111,8.962,0.091,0.679,0.703
2020,North Cyprus,5.53550005,10.40570259,0.000227159,0.820356607,0.62611568
2019,Rwanda,3.334,0.359,0.217,0.711,0.411
2021,Mauritius,6.049,10.008,-0.054,0.905,0.789
2023,Bangladesh,4.282,8.685,0.005,0.544,0.698
2023,Cameroon,4.973,8.217,0.015,0.686,0.846
2019,Mauritius,5.888,1.120,0.215,1.402,0.060
2021,Afghanistan,2.523,7.695,-0.102,0.463,0.924
2021,Armenia,5.283,9.487,-0.168,0.799,0.629
2021,United Kingdom,7.064,10.707,0.233,0.934,0.459
2019,Costa Rica,7.167,1.034,0.144,1.441,0.093
2019,Afghanistan,3.203,0.350,0.158,0.517,0.025
2021,Nicaragua,5.972,8.62,0.02,0.864,0.664
2022,Tajikistan,5.377,,,,
2020,India,3.573299885,8.849823952,0.057551607,0.592200935,0.772042692
2019,Ethiopia,4.286,0.336,0.209,1.033,0.100
2021,Indonesia,5.345,9.365,0.542,0.811,0.867
2019,Sweden,7.343,1.387,0.267,1.487,0.373
2023,Paraguay,5.738,9.510,0.021,0.906,0.843
2019,Netherlands,7.488,1.396,0.322,1.522,0.298
2023,Bahrain,6.173,10.776,0.117,0.844,0.737
2020,South Africa,4.814099789,9.403370857,-0.109777324,0.852532268,0.843423843
2023,Pakistan,4.555,8.540,0.008,0.601,0.787
2021,Iran,4.721,9.584,0.218,0.71,0.714
2020,Dominican Republic,5.689199924,9.664880753,-0.131263286,0.882085383,0.755999923
2022,Poland,6.123,,,,
2019,Kuwait,6.021,1.500,0.142,1.319,0.097
2021,Kazakhstan,6.152,10.155,-0.069,0.952,0.733
2020,Congo (Brazzaville),5.194399834,8.536987305,-0.123674095,0.640228093,0.751779079
2020,Iran,4.672399998,9.813719749,0.117891103,0.694689691,0.714635968
2023,Venezuela,5.211,5.527,0.128,0.839,0.811
2022,Nigeria,4.552,,,,
2019,Switzerland,7.480,1.452,0.263,1.526,0.343
2019,Gabon,4.799,1.057,0.043,1.183,0.055
2021,Mexico,6.317,9.859,-0.147,0.831,0.799
2019,Saudi Arabia,6.375,1.403,0.080,1.357,0.132
2019,Philippines,5.631,0.807,0.117,1.293,0.107
2019,Bangladesh,4.456,0.562,0.166,0.928,0.143
2020,Romania,6.123700142,10.107584,-0.19781521,0.825161517,0.934300244
2021,Latvia,6.032,10.315,-0.162,0.927,0.8
2022,Sri Lanka,4.362,,,,
2019,Zambia,4.107,0.578,0.247,1.058,0.087
2022,Lesotho*,3.512,,,,
2020,Brazil,6.375599861,9.56643486,-0.101812392,0.896723807,0.770601273
2022,Mongolia,5.761,,,,
2022,Turkey,4.744,,,,
2022,Kenya,4.543,,,,
2022,Liberia*,5.122,,,,
2021,Albania,5.117,9.52,-0.03,0.697,0.901
2021,Denmark,7.62,10.933,0.03,0.954,0.179
2020,Colombia,6.163400173,9.500369072,-0.161235645,0.884440243,0.86457181
2020,Kosovo,6.325200081,9.204429626,0.190933764,0.820726514,0.922328293
2020,Hungary,6.000400066,10.24924374,-0.194323018,0.921934128,0.892916501
2020,United Arab Emirates,6.790800095,11.1099987,0.123450845,0.849181116,0.594502211
2022,Palestinian Territories*,4.483,,,,
2023,Switzerland,7.240,11.164,0.027,0.920,0.266
2022,Mauritania*,4.153,,,,
2021,Georgia,4.891,9.585,-0.238,0.671,0.655
2022,Spain,6.476,,,,
2023,Zambia,3.982,8.074,0.098,0.694,0.818
2019,Romania,6.070,1.162,0.083,1.232,0.005
2020,Mali,4.729300022,7.629852295,-0.044366926,0.731468976,0.839328408
2022,Ghana,4.872,,,,
2021,Mali,4.723,7.744,-0.036,0.724,0.827
2020,Lithuania,6.215499878,10.34362602,-0.219725296,0.926107109,0.809583843
2022,India,3.777,,,,
2022,Myanmar,4.394,,,,
2020,Burkina Faso,4.768700123,7.46854496,-0.019080516,0.712943614,0.739795029
2021,Lebanon,4.584,9.626,-0.073,0.848,0.898
2019,Uganda,4.189,0.332,0.252,1.069,0.060
2023,Lebanon,2.392,9.478,-0.141,0.530,0.891
2022,Madagascar*,4.339,,,,
2021,Laos,5.03,8.947,0.123,0.728,0.658
2023,Algeria,5.329,9.300,-0.117,0.855,0.717
2021,Belarus,5.534,9.853,-0.18,0.91,0.627
2023,Ukraine,5.071,9.314,0.240,0.878,0.907
2022,Saudi Arabia,6.523,,,,
2020,Yemen,3.527400017,7.759682655,-0.157735437,0.817980587,0.800287724
2021,Cambodia,4.83,8.36,0.034,0.765,0.843
2021,Mongolia,5.677,9.4,0.116,0.935,0.856
2023,Burkina Faso,4.638,7.667,0.095,0.663,0.771
2019,Denmark,7.600,1.383,0.252,1.573,0.410
2022,Malta,6.447,,,,
2023,Tanzania,3.694,7.857,0.182,0.653,0.554
2019,Bosnia and Herzegovina,5.386,0.945,0.263,1.212,0.006
2023,United Kingdom,6.796,10.704,0.253,0.882,0.454
2023,Gambia,4.279,7.648,0.364,0.584,0.883
2023,South Africa,5.275,9.478,-0.087,0.907,0.902
2021,El Salvador,6.061,9.054,-0.11,0.762,0.688
2021,Panama,6.18,10.35,-0.166,0.896,0.856
2023,Costa Rica,6.609,9.952,-0.070,0.872,0.768
2021,Costa Rica,7.069,9.88,-0.126,0.891,0.809
2021,Iceland,7.554,10.878,0.16,0.983,0.673
2023,Sri Lanka,4.442,9.491,-0.030,0.826,0.808
2020,Algeria,5.005099773,9.537964821,-0.121105164,0.803385139,0.735485137
2023,Sweden,7.395,10.883,0.165,0.939,0.202
2023,Russia,5.661,10.210,-0.030,0.889,0.801
2021,India,3.819,8.755,0.089,0.603,0.774
2019,Myanmar,4.360,0.710,0.566,1.181,0.172
2021,Lithuania,6.255,10.499,-0.203,0.935,0.826
2023,El Salvador,6.122,9.089,-0.108,0.755,0.620
2023,Kenya,4.487,8.458,0.288,0.690,0.852
2020,Uzbekistan,6.257599831,8.740371704,0.248427153,0.926595807,0.501497388
2020,Egypt,4.151400089,9.316541672,-0.196878314,0.735447824,0.787726879
2022,Switzerland,7.512,,,,
2021,Paraguay,5.653,9.448,0.028,0.893,0.882
2022,Bosnia and Herzegovina,5.768,,,,
2022,Honduras,6.022,,,,
2020,Palestinian Territories,4.552800179,8.389223099,-0.162079096,0.825295925,0.824199975
2019,Namibia,4.639,0.879,0.070,1.313,0.056
2022,China,5.585,,,,
2021,Guatemala,6.435,9.053,-0.038,0.813,0.775
2019,Chad,4.350,0.350,0.198,0.766,0.078
2022,Thailand,5.891,,,,
2020,Benin,5.21600008,7.674319744,-0.003537213,0.468671143,0.740532577
2023,Austria,7.097,10.899,0.102,0.888,0.497
2020,United States,6.939599991,10.92576885,0.149891734,0.914219022,0.699715316
2022,Uzbekistan,6.063,,,,
2023,Ireland,6.911,11.527,0.092,0.905,0.358
2020,Bangladesh,4.832799911,8.287063599,-0.033664726,0.687292993,0.661843538
2021,Spain,6.491,10.571,-0.081,0.932,0.745
2023,Colombia,5.630,9.584,-0.104,0.822,0.834
2021,Zambia,4.073,8.145,0.061,0.708,0.823
2022,Slovenia,6.630,,,,
2021,Gambia,5.051,7.686,0.424,0.69,0.746
2021,Slovenia,6.461,10.529,-0.101,0.948,0.806
2019,Liberia,3.975,0.073,0.233,0.922,0.033
2022,Singapore,6.480,,,,
2019,Malaysia,5.339,1.221,0.260,1.171,0.024
2021,Turkey,4.948,10.24,-0.139,0.822,0.776
2022,Cameroon,5.048,,,,
2020,Kenya,4.583000183,8.02977562,0.294681519,0.702652037,0.831499159
2023,Indonesia,5.277,9.385,0.531,0.804,0.876
2020,Thailand,5.998799801,9.741791725,0.268685192,0.889973223,0.886272311
2020,Moldova,5.607500076,8.776714325,-0.037741039,0.843313575,0.913314283
2021,Bulgaria,5.266,10.016,-0.096,0.931,0.932
2019,France,6.592,1.324,0.111,1.472,0.183
2021,Mauritania,4.227,8.542,-0.106,0.795,0.731
2021,Argentina,5.929,9.962,-0.182,0.898,0.834
2023,Uruguay,6.494,10.037,-0.065,0.913,0.575
2023,Jamaica,5.703,9.165,-0.106,0.867,0.875
2022,Brazil,6.293,,,,
2020,Nicaragua,6.13710022,8.493160248,0.020959141,0.857497036,0.665950119
2023,Malta,6.300,10.661,0.119,0.923,0.729
2019,Estonia,5.893,1.237,0.103,1.528,0.161
2021,South Africa,4.956,9.403,-0.067,0.86,0.86
2019,Belarus,5.323,1.067,0.094,1.465,0.142
2020,Laos,4.888599873,8.79858017,0.11137148,0.737502217,0.634679317
2022,Armenia,5.399,,,,
2023,Brazil,6.125,9.582,-0.009,0.836,0.738
2021,Ecuador,5.764,9.313,-0.124,0.821,0.843
2022,Hong Kong S.A.R. of China,5.425,,,,
2020,Japan,5.870800018,10.57968903,-0.246910349,0.883545935,0.654558063
2023,Tunisia,4.497,9.244,-0.213,0.730,0.907
2019,India,4.015,0.755,0.200,0.765,0.085
2019,Poland,6.182,1.206,0.117,1.438,0.050
2020,France,6.663799763,10.58422279,-0.130641967,0.937103748,0.583521128
2023,Senegal,4.855,8.155,0.011,0.629,0.846
2020,Lesotho,3.652800083,7.960488319,-0.145732045,0.780495703,0.857392073
2020,Mongolia,5.456200123,9.412186623,0.098093867,0.937142491,0.863511205
2021,Bolivia,5.716,9.046,-0.077,0.81,0.839
2023,Finland,7.804,10.792,-0.019,0.969,0.182
2020,Poland,6.186299801,10.26512432,-0.205084071,0.874257445,0.686927021
2022,Ireland,7.041,,,,
2021,Moldova,5.766,9.454,-0.079,0.857,0.918
2021,New Zealand,7.277,10.643,0.134,0.948,0.242
2020,Macedonia,5.159800053,9.510591507,-0.019877451,0.820392311,0.897490501
2019,Nepal,4.913,0.446,0.285,1.226,0.089
2019,Kyrgyzstan,5.261,0.551,0.300,1.438,0.023
2022,Argentina,5.967,,,,
2019,Haiti,3.597,0.323,0.419,0.688,0.110
2021,Mozambique,4.794,7.158,0.061,0.744,0.684
2023,Mongolia,5.840,9.372,0.190,0.933,0.849
2019,Guatemala,6.436,0.800,0.175,1.269,0.078
2019,China,5.191,1.029,0.058,1.125,0.100
2022,Gabon,4.958,,,,
2022,Mauritius,6.071,,,,
2020,Kazakhstan,6.057899952,10.11465836,-0.068488635,0.934744895,0.764490843
2019,Japan,5.886,1.327,0.069,1.419,0.140
2021,Netherlands,7.464,10.932,0.175,0.942,0.338
2023,Iceland,7.530,10.896,0.211,0.983,0.668
2020,Afghanistan,2.566900015,7.462860584,-0.0964294,0.470366955,0.933686554
2020,Spain,6.400899887,10.46292686,-0.050961714,0.921125412,0.765859902
2022,Paraguay,5.578,,,,
2021,Czech Republic,6.965,10.556,-0.208,0.947,0.868
2022,Gambia*,5.164,,,,
2020,United Kingdom,7.164500237,10.60013485,0.263732493,0.93668282,0.435915917
2023,Nepal,5.360,8.256,0.146,0.748,0.783
2021,Switzerland,7.571,11.117,0.025,0.942,0.292
2023,Sierra Leone,3.138,7.394,0.105,0.555,0.858
2021,United States,6.951,11.023,0.098,0.92,0.698
2021,Romania,6.14,10.284,-0.219,0.832,0.938
2019,Israel,7.139,1.276,0.261,1.455,0.082
2023,Spain,6.436,10.540,-0.066,0.932,0.711
2021,Greece,5.723,10.279,-0.288,0.823,0.823
2022,Lithuania,6.446,,,,
2019,Iran,4.548,1.100,0.270,0.842,0.125
2019,Turkmenistan,5.247,1.052,0.244,1.538,0.028
2022,Afghanistan,2.404,,,,
2020,Zimbabwe,3.299200058,7.865711689,-0.072063953,0.763092756,0.81023699
2023,Philippines,5.523,8.979,-0.060,0.780,0.732
2019,Malawi,3.410,0.191,0.218,0.560,0.089
2021,Cameroon,5.142,8.189,0.026,0.71,0.848
2019,Montenegro,5.523,1.051,0.142,1.361,0.080
2021,Ukraine,4.875,9.436,-0.011,0.888,0.924
2021,China,5.339,9.673,-0.146,0.811,0.755
2021,Morocco,4.918,8.903,-0.236,0.56,0.801
2019,El Salvador,6.253,0.794,0.093,1.242,0.074
2022,Zimbabwe,2.995,,,,
2020,Kyrgyzstan,5.541500092,8.148405075,0.154772058,0.887228489,0.888396084
2022,Niger*,5.003,,,,
2023,Albania,5.277,9.567,-0.007,0.718,0.878
2019,Niger,4.628,0.138,0.188,0.774,0.102
2023,Honduras,6.023,8.635,0.097,0.766,0.843
2019,Lebanon,5.197,0.987,0.166,1.224,0.027
2022,Sierra Leone,3.574,,,,
2021,Canada,7.103,10.776,0.089,0.926,0.415
2021,North Macedonia,5.101,9.693,0.038,0.805,0.905
2022,Comoros*,4.609,,,,
2023,Botswana,3.435,9.629,-0.215,0.753,0.830
2023,Saudi Arabia,6.463,10.715,-0.081,0.884,0.691
2019,Central African Republic,3.083,0.026,0.235,0.000,0.035
2021,Egypt,4.283,9.367,-0.182,0.75,0.795
2022,United Arab Emirates,6.576,,,,
2019,Paraguay,5.743,0.855,0.184,1.475,0.080
2021,Niger,5.074,7.098,0.018,0.641,0.693
2021,Uruguay,6.431,9.966,-0.092,0.925,0.59
2023,Comoros,3.545,8.075,-0.014,0.471,0.727
2022,Ecuador,5.533,,,,
2019,Guinea,4.534,0.380,0.207,0.829,0.086
2022,Taiwan Province of China,6.512,,,,
2023,Cambodia,4.393,8.385,0.073,0.747,0.857
2020,Guatemala,6.398900032,8.924805641,-0.042938665,0.816621482,0.783237457
2019,Tanzania,3.231,0.476,0.276,0.885,0.147
2021,Ethiopia,4.275,7.694,0.082,0.764,0.761
2023,Latvia,6.213,10.370,-0.056,0.937,0.830
2020,Argentina,5.974699974,9.810955048,-0.194913864,0.900567949,0.842009842
2019,Botswana,3.488,1.041,0.025,1.145,0.100
2021,Saudi Arabia,6.494,10.743,-0.149,0.891,0.684
2019,Spain,6.354,1.286,0.153,1.484,0.079
2023,Mali,4.198,7.655,-0.028,0.593,0.846
2020,Gabon,4.829299927,9.680537224,-0.222261623,0.787886858,0.849150956
2022,Ivory Coast,5.235,,,,
2022,Lebanon,2.955,,,,
2020,Turkey,5.131800175,10.12941933,-0.171046436,0.826313555,0.748197377
2023,Ghana,4.605,8.596,0.139,0.641,0.881
2021,Austria,7.268,10.906,0.042,0.934,0.481
2019,Indonesia,5.192,0.931,0.498,1.203,0.028
2022,Portugal,6.016,,,,
2022,Norway,7.365,,,,
2023,Peru,5.526,9.402,-0.119,0.798,0.892
2019,Zimbabwe,3.663,0.366,0.151,1.114,0.089
2023,India,4.036,8.759,0.072,0.608,0.774
2019,Kenya,4.509,0.512,0.372,0.983,0.053
2021,Chile,6.172,10.071,-0.044,0.882,0.83
2023,Uganda,4.432,7.716,0.114,0.794,0.857
2019,Thailand,6.008,1.050,0.359,1.409,0.028
2019,Jordan,4.906,0.837,0.110,1.225,0.130
2020,Serbia,5.77820015,9.680980682,-0.073676221,0.881475747,0.843509018
2022,Belgium,6.805,,,,
2023,Germany,6.892,10.879,0.030,0.896,0.420
2019,Uzbekistan,6.174,0.745,0.322,1.529,0.240
2019,Bahrain,6.199,1.362,0.255,1.368,0.110
2020,Italy,6.38740015,10.48183632,-0.043460999,0.889878571,0.873404682
2020,Taiwan Province of China,6.45539999,10.77568531,-0.073198698,0.894309103,0.73188293
2019,Uruguay,6.293,1.124,0.127,1.465,0.150
2020,Mauritius,6.101299763,9.956786156,-0.018318573,0.910357833,0.805343091
2022,Hungary,6.086,,,,
2023,Slovenia,6.650,10.588,0.014,0.951,0.771
2019,Comoros,3.973,0.274,0.275,0.757,0.078
2019,Colombia,6.125,0.985,0.099,1.410,0.034
2019,Egypt,4.166,0.913,0.076,1.039,0.067
2019,Ukraine,4.332,0.820,0.187,1.390,0.010
2021,Venezuela,4.892,9.073,-0.169,0.861,0.827
2019,Mauritania,4.490,0.570,0.106,1.167,0.088
2020,Mozambique,4.623600006,7.069345951,0.032375868,0.723874032,0.683019102
2023,Namibia,4.631,9.121,-0.126,0.787,0.830
2021,Taiwan Province of China,6.584,10.871,-0.07,0.898,0.721
2019,Syria,3.462,0.619,0.331,0.378,0.141
2020,Slovakia,6.280600071,10.34774971,-0.124409303,0.922493756,0.918096125
2023,Iran,4.876,9.610,0.173,0.778,0.747
2019,Russia,5.648,1.183,0.082,1.452,0.031
2022,Burkina Faso,4.670,,,,
2020,El Salvador,6.34829998,8.909075737,-0.121072978,0.806092262,0.754319906
2022,Iceland,7.557,,,,
2023,Argentina,6.024,9.959,-0.089,0.891,0.814
2020,Bulgaria,5.101500034,9.869318962,-0.143908441,0.937840343,0.935585141
2021,Montenegro,5.581,9.94,-0.034,0.858,0.812
2022,Namibia,4.459,,,,
2019,Tajikistan,5.467,0.493,0.230,1.098,0.144
2021,Malawi,3.6,6.958,0.038,0.537,0.729
2020,Slovenia,6.363399982,10.39232254,-0.080603383,0.939575672,0.817071021
2019,Kosovo,6.100,0.882,0.262,1.232,0.006
2020,Singapore,6.377099991,11.39552116,0.029879224,0.910268962,0.109784193
2023,Mauritania,4.724,8.591,-0.013,0.644,0.657
2021,Zimbabwe,3.145,7.943,-0.047,0.75,0.821
2022,Indonesia,5.240,,,,
2022,Morocco,5.060,,,,
2019,United Arab Emirates,6.825,1.503,0.262,1.310,0.182
2021,Sri Lanka,4.325,9.47,0.079,0.827,0.863
2022,Iraq,4.941,,,,
2021,Ireland,7.085,11.342,0.077,0.947,0.363
2020,Indonesia,5.285600185,9.36975193,0.519586504,0.808379889,0.876296401
2023,Bosnia and Herzegovina,5.633,9.616,0.206,0.880,0.918
2023,Portugal,5.968,10.429,-0.196,0.878,0.878
2023,Uzbekistan,6.014,8.948,0.230,0.875,0.638
2021,Dominican Republic,5.545,9.802,-0.133,0.853,0.714
